date,hotspot_thailand_day,hotspot_thailand_night,hotspot_myanmar_day,hotspot_myanmar_night,hotspot_cambodia_day,hotspot_cambodia_night,hotspot_lao_pdr_day,hotspot_lao_pdr_night,hotspot_p_malaysia_day,hotspot_p_malaysia_night
2017-07-01,0.0,0.0,0.0,0.0,3.0,0.0,0.0,0.0,1.0,0.0
2017-07-02,0.0,0.0,0.0,0.0,0.0,0.0,0.0,0.0,0.0,0.0
2017-07-03,0.0,0.0,0.0,0.0,0.0,0.0,0.0,0.0,0.0,0.0
2017-07-04,0.0,0.0,0.0,0.0,0.0,0.0,0.0,0.0,4.0,0.0
2017-07-05,0.0,0.0,0.0,0.0,1.0,0.0,0.0,0.0,6.0,0.0
2017-07-06,0.0,0.0,0.0,0.0,0.0,0.0,0.0,0.0,0.0,0.0
2017-07-07,0.0,0.0,0.0,0.0,0.0,0.0,0.0,0.0,2.0,0.0
2017-07-08,0.0,0.0,0.0,0.0,0.0,0.0,0.0,0.0,2.0,0.0
2017-07-09,1.0,0.0,0.0,0.0,0.0,0.0,0.0,0.0,4.0,0.0
2017-07-10,0.0,0.0,0.0,0.0,7.0,0.0,0.0,0.0,3.0,0.0
2017-07-11,0.0,0.0,0.0,0.0,0.0,0.0,0.0,0.0,0.0,0.0
2017-07-12,0.0,0.0,0.0,0.0,0.0,0.0,0.0,0.0,0.0,0.0
2017-07-13,0.0,0.0,0.0,0.0,0.0,0.0,0.0,0.0,1.0,0.0
2017-07-14,0.0,0.0,0.0,0.0,0.0,0.0,0.0,0.0,0.0,0.0
2017-07-15,3.0,0.0,1.0,0.0,0.0,0.0,0.0,0.0,0.0,0.0
2017-07-16,0.0,0.0,0.0,0.0,0.0,0.0,0.0,0.0,1.0,1.0
2017-07-17,0.0,0.0,0.0,0.0,0.0,0.0,0.0,0.0,0.0,0.0
2017-07-18,0.0,0.0,0.0,0.0,0.0,0.0,0.0,0.0,0.0,0.0
2017-07-19,0.0,0.0,0.0,0.0,0.0,0.0,0.0,0.0,0.0,0.0
2017-07-20,0.0,0.0,0.0,0.0,0.0,0.0,0.0,0.0,0.0,0.0
2017-07-21,0.0,0.0,0.0,0.0,0.0,0.0,0.0,0.0,0.0,0.0
2017-07-22,0.0,0.0,0.0,0.0,0.0,0.0,0.0,0.0,4.0,0.0
2017-07-23,0.0,0.0,0.0,0.0,0.0,0.0,0.0,0.0,1.0,2.0
2017-07-24,0.0,0.0,0.0,0.0,0.0,0.0,0.0,0.0,1.0,0.0
2017-07-25,0.0,0.0,0.0,0.0,0.0,0.0,0.0,0.0,0.0,0.0
2017-07-26,0.0,0.0,0.0,0.0,0.0,0.0,0.0,0.0,1.0,0.0
2017-07-27,1.0,1.0,0.0,0.0,0.0,0.0,0.0,0.0,3.0,0.0
2017-07-28,0.0,0.0,0.0,0.0,0.0,0.0,0.0,0.0,0.0,0.0
2017-07-29,0.0,0.0,0.0,0.0,0.0,0.0,0.0,0.0,1.0,0.0
2017-07-30,1.0,0.0,0.0,0.0,1.0,0.0,0.0,0.0,0.0,0.0
2017-07-31,2.0,0.0,0.0,0.0,2.0,0.0,0.0,0.0,1.0,0.0
2017-08-01,1.0,0.0,0.0,0.0,0.0,0.0,0.0,0.0,2.0,0.0
2017-08-02,1.0,0.0,0.0,0.0,4.0,0.0,0.0,0.0,0.0,0.0
2017-08-03,0.0,0.0,0.0,0.0,0.0,0.0,0.0,0.0,0.0,0.0
2017-08-04,0.0,0.0,0.0,0.0,0.0,0.0,0.0,0.0,0.0,0.0
2017-08-05,2.0,0.0,0.0,0.0,0.0,0.0,0.0,0.0,7.0,0.0
2017-08-06,0.0,0.0,0.0,0.0,0.0,0.0,0.0,0.0,3.0,0.0
2017-08-07,0.0,0.0,0.0,0.0,0.0,0.0,0.0,0.0,0.0,1.0
2017-08-08,0.0,0.0,0.0,0.0,0.0,0.0,0.0,0.0,0.0,0.0
2017-08-09,1.0,0.0,0.0,0.0,0.0,0.0,0.0,0.0,0.0,0.0
2017-08-10,3.0,0.0,0.0,0.0,1.0,0.0,0.0,0.0,4.0,0.0
2017-08-11,12.0,0.0,2.0,0.0,2.0,0.0,0.0,0.0,0.0,0.0
2017-08-12,2.0,0.0,0.0,0.0,0.0,0.0,0.0,0.0,0.0,0.0
2017-08-13,0.0,,0.0,,0.0,,0.0,,0.0,
2017-08-14,1.0,0.0,0.0,0.0,0.0,0.0,0.0,0.0,0.0,0.0
2017-08-15,0.0,0.0,0.0,0.0,0.0,0.0,0.0,0.0,0.0,0.0
2017-08-16,0.0,0.0,0.0,0.0,0.0,0.0,0.0,0.0,0.0,0.0
2017-08-17,0.0,0.0,0.0,0.0,0.0,0.0,0.0,0.0,0.0,0.0
2017-08-18,0.0,,0.0,,0.0,,0.0,,0.0,
2017-08-19,0.0,0.0,0.0,0.0,0.0,0.0,0.0,0.0,0.0,0.0
2017-08-20,0.0,0.0,0.0,0.0,0.0,0.0,0.0,0.0,1.0,0.0
2017-08-21,5.0,0.0,1.0,0.0,0.0,0.0,0.0,0.0,1.0,0.0
2017-08-22,6.0,0.0,0.0,0.0,0.0,0.0,0.0,0.0,1.0,0.0
2017-08-23,2.0,0.0,5.0,0.0,0.0,0.0,0.0,0.0,0.0,0.0
2017-08-24,0.0,0.0,0.0,0.0,0.0,0.0,0.0,0.0,0.0,0.0
2017-08-25,0.0,0.0,0.0,0.0,0.0,0.0,0.0,0.0,0.0,0.0
2017-08-26,1.0,0.0,0.0,0.0,0.0,0.0,0.0,0.0,0.0,0.0
2017-08-27,0.0,0.0,0.0,0.0,1.0,0.0,0.0,0.0,1.0,0.0
2017-08-28,1.0,0.0,1.0,0.0,0.0,0.0,0.0,0.0,0.0,0.0
2017-08-29,0.0,0.0,2.0,0.0,0.0,0.0,0.0,0.0,0.0,0.0
2017-08-30,0.0,0.0,0.0,0.0,0.0,0.0,0.0,0.0,0.0,0.0
2017-08-31,2.0,0.0,0.0,0.0,0.0,0.0,0.0,0.0,0.0,0.0
2017-09-01,9.0,0.0,0.0,0.0,0.0,0.0,0.0,0.0,1.0,0.0
2017-09-02,0.0,0.0,0.0,0.0,0.0,0.0,0.0,0.0,1.0,0.0
2017-09-03,0.0,0.0,0.0,0.0,0.0,0.0,0.0,0.0,0.0,0.0
2017-09-04,0.0,,1.0,,0.0,,0.0,,0.0,
2017-09-05,0.0,0.0,0.0,0.0,0.0,0.0,0.0,0.0,0.0,0.0
2017-09-06,19.0,0.0,0.0,0.0,0.0,0.0,0.0,0.0,1.0,0.0
2017-09-07,0.0,0.0,0.0,0.0,1.0,0.0,0.0,0.0,2.0,0.0
2017-09-08,0.0,2.0,0.0,0.0,0.0,0.0,0.0,0.0,0.0,0.0
2017-09-09,2.0,0.0,0.0,0.0,0.0,0.0,0.0,0.0,0.0,0.0
2017-09-10,2.0,0.0,0.0,0.0,0.0,0.0,0.0,0.0,0.0,0.0
2017-09-11,9.0,0.0,2.0,0.0,0.0,0.0,0.0,0.0,0.0,0.0
2017-09-12,3.0,,0.0,,0.0,,0.0,,0.0,
2017-09-13,6.0,0.0,0.0,0.0,0.0,0.0,0.0,0.0,0.0,0.0
2017-09-14,1.0,0.0,2.0,0.0,0.0,0.0,0.0,0.0,0.0,0.0
2017-09-15,0.0,0.0,3.0,0.0,0.0,0.0,0.0,0.0,0.0,0.0
2017-09-16,0.0,0.0,1.0,0.0,0.0,0.0,0.0,0.0,0.0,0.0
2017-09-17,0.0,0.0,0.0,0.0,0.0,0.0,0.0,0.0,6.0,0.0
2017-09-18,7.0,1.0,0.0,0.0,0.0,0.0,0.0,0.0,0.0,0.0
2017-09-19,1.0,0.0,0.0,0.0,0.0,0.0,0.0,0.0,0.0,0.0
2017-09-20,0.0,0.0,0.0,0.0,0.0,0.0,0.0,0.0,0.0,0.0
2017-09-21,5.0,0.0,0.0,0.0,0.0,0.0,0.0,0.0,0.0,0.0
2017-09-22,0.0,0.0,1.0,0.0,0.0,0.0,0.0,0.0,0.0,0.0
2017-09-23,0.0,,0.0,,0.0,,0.0,,0.0,
2017-09-24,0.0,,0.0,,0.0,,3.0,,4.0,
2017-09-25,0.0,0.0,0.0,0.0,0.0,0.0,0.0,0.0,0.0,0.0
2017-09-26,0.0,0.0,0.0,0.0,0.0,0.0,0.0,0.0,0.0,0.0
2017-09-27,11.0,0.0,0.0,0.0,0.0,0.0,0.0,0.0,0.0,0.0
2017-09-28,11.0,,1.0,,0.0,,0.0,,0.0,
2017-09-29,0.0,,0.0,,0.0,,0.0,,0.0,
2017-09-30,0.0,0.0,0.0,0.0,0.0,0.0,0.0,0.0,0.0,0.0
2017-10-01,0.0,0.0,0.0,0.0,0.0,0.0,0.0,0.0,0.0,0.0
2017-10-02,0.0,0.0,0.0,0.0,0.0,0.0,0.0,0.0,1.0,0.0
2017-10-03,0.0,0.0,0.0,0.0,0.0,0.0,0.0,0.0,1.0,0.0
2017-10-04,1.0,0.0,1.0,0.0,2.0,0.0,0.0,0.0,0.0,0.0
2017-10-05,0.0,0.0,0.0,0.0,0.0,0.0,0.0,0.0,0.0,0.0
2017-10-06,0.0,0.0,0.0,0.0,0.0,0.0,0.0,0.0,1.0,0.0
2017-10-07,0.0,,2.0,,0.0,,0.0,,0.0,
2017-10-08,1.0,0.0,1.0,0.0,0.0,0.0,0.0,0.0,1.0,0.0
2017-10-09,0.0,0.0,1.0,0.0,0.0,0.0,0.0,0.0,1.0,0.0
2017-10-10,0.0,0.0,0.0,0.0,0.0,0.0,0.0,0.0,0.0,0.0
2017-10-11,0.0,0.0,0.0,0.0,0.0,0.0,0.0,0.0,0.0,0.0
2017-10-12,0.0,0.0,0.0,0.0,0.0,0.0,0.0,0.0,0.0,0.0
2017-10-13,0.0,0.0,0.0,0.0,0.0,0.0,0.0,0.0,0.0,0.0
2017-10-14,0.0,0.0,0.0,0.0,0.0,0.0,0.0,0.0,0.0,0.0
2017-10-15,0.0,,0.0,,0.0,,0.0,,1.0,
2017-10-16,0.0,0.0,0.0,0.0,0.0,0.0,0.0,0.0,0.0,0.0
2017-10-17,0.0,0.0,0.0,0.0,0.0,0.0,0.0,0.0,0.0,0.0
2017-10-18,0.0,0.0,0.0,0.0,0.0,0.0,0.0,0.0,1.0,0.0
2017-10-19,8.0,0.0,0.0,0.0,0.0,0.0,0.0,0.0,14.0,0.0
2017-10-20,2.0,0.0,0.0,0.0,2.0,0.0,1.0,0.0,0.0,0.0
2017-10-21,0.0,0.0,0.0,0.0,1.0,0.0,0.0,0.0,0.0,0.0
2017-10-22,0.0,0.0,0.0,0.0,0.0,0.0,0.0,0.0,0.0,0.0
2017-10-23,1.0,0.0,0.0,0.0,0.0,0.0,0.0,0.0,0.0,0.0
2017-10-24,0.0,0.0,0.0,0.0,0.0,0.0,0.0,0.0,3.0,0.0
2017-10-25,0.0,0.0,0.0,0.0,0.0,0.0,0.0,0.0,0.0,0.0
2017-10-26,0.0,,0.0,,0.0,,1.0,,0.0,
2017-10-27,0.0,0.0,0.0,0.0,0.0,0.0,0.0,0.0,0.0,0.0
2017-10-28,0.0,0.0,0.0,0.0,1.0,0.0,0.0,0.0,0.0,0.0
2017-10-29,6.0,0.0,1.0,0.0,0.0,0.0,0.0,0.0,0.0,0.0
2017-10-30,4.0,0.0,0.0,0.0,4.0,0.0,0.0,0.0,0.0,0.0
2017-10-31,1.0,0.0,0.0,0.0,0.0,0.0,0.0,0.0,0.0,0.0
2017-11-01,0.0,0.0,0.0,0.0,0.0,0.0,1.0,0.0,0.0,0.0
2017-11-02,1.0,0.0,0.0,0.0,0.0,0.0,2.0,0.0,0.0,0.0
2017-11-03,3.0,0.0,2.0,0.0,0.0,0.0,0.0,0.0,0.0,0.0
2017-11-04,6.0,0.0,5.0,0.0,0.0,0.0,5.0,0.0,0.0,0.0
2017-11-05,0.0,0.0,1.0,0.0,0.0,0.0,2.0,0.0,0.0,0.0
2017-11-06,0.0,0.0,0.0,0.0,0.0,0.0,0.0,0.0,0.0,0.0
2017-11-07,0.0,0.0,2.0,0.0,0.0,0.0,0.0,0.0,0.0,0.0
2017-11-08,0.0,0.0,2.0,0.0,0.0,0.0,0.0,0.0,0.0,0.0
2017-11-09,1.0,0.0,2.0,0.0,0.0,0.0,0.0,0.0,0.0,0.0
2017-11-10,2.0,0.0,4.0,0.0,1.0,0.0,2.0,0.0,0.0,1.0
2017-11-11,0.0,,1.0,,1.0,,1.0,,0.0,
2017-11-12,0.0,0.0,0.0,0.0,0.0,0.0,0.0,0.0,0.0,0.0
2017-11-13,1.0,,3.0,,0.0,,0.0,,0.0,
2017-11-14,10.0,,5.0,,0.0,,1.0,,0.0,
2017-11-15,13.0,0.0,6.0,0.0,1.0,0.0,5.0,0.0,0.0,0.0
2017-11-16,4.0,,0.0,,2.0,,6.0,,0.0,
2017-11-17,0.0,0.0,3.0,0.0,0.0,0.0,0.0,0.0,0.0,1.0
2017-11-18,2.0,,8.0,,0.0,,0.0,,0.0,
2017-11-19,2.0,0.0,40.0,0.0,0.0,0.0,1.0,0.0,0.0,0.0
2017-11-20,8.0,,12.0,,0.0,,1.0,,2.0,
2017-11-21,2.0,0.0,3.0,0.0,1.0,0.0,3.0,0.0,0.0,0.0
2017-11-22,0.0,0.0,0.0,0.0,1.0,0.0,1.0,0.0,0.0,0.0
2017-11-23,0.0,,2.0,,0.0,,3.0,,0.0,
2017-11-24,8.0,,17.0,,0.0,,0.0,,0.0,
2017-11-25,37.0,,4.0,,2.0,,2.0,,0.0,
2017-11-26,13.0,0.0,0.0,0.0,3.0,0.0,8.0,0.0,0.0,0.0
2017-11-27,3.0,,1.0,,3.0,,6.0,,0.0,
2017-11-28,0.0,,0.0,,0.0,,0.0,,0.0,
2017-11-29,2.0,,4.0,,0.0,,0.0,,0.0,
2017-11-30,10.0,,15.0,,1.0,,2.0,,0.0,
2017-12-01,25.0,0.0,12.0,0.0,3.0,0.0,1.0,0.0,0.0,0.0
2017-12-02,28.0,,2.0,,1.0,,4.0,,0.0,
2017-12-03,17.0,0.0,3.0,0.0,0.0,0.0,0.0,1.0,0.0,0.0
2017-12-04,11.0,0.0,12.0,0.0,0.0,0.0,0.0,0.0,0.0,0.0
2017-12-05,23.0,,35.0,,1.0,,3.0,,2.0,
2017-12-06,95.0,,12.0,,6.0,,12.0,,1.0,
2017-12-07,41.0,0.0,0.0,0.0,18.0,0.0,3.0,0.0,0.0,0.0
2017-12-08,5.0,,3.0,,3.0,,1.0,,0.0,
2017-12-09,1.0,,12.0,,13.0,,4.0,,0.0,
2017-12-10,51.0,0.0,25.0,0.0,3.0,0.0,0.0,0.0,0.0,0.0
2017-12-11,60.0,1.0,20.0,0.0,15.0,0.0,0.0,0.0,0.0,0.0
2017-12-12,29.0,0.0,2.0,0.0,10.0,0.0,1.0,0.0,0.0,0.0
2017-12-13,19.0,0.0,0.0,0.0,2.0,0.0,0.0,0.0,0.0,0.0
2017-12-14,0.0,0.0,13.0,0.0,1.0,0.0,5.0,0.0,0.0,0.0
2017-12-15,12.0,2.0,16.0,0.0,1.0,0.0,1.0,0.0,0.0,0.0
2017-12-16,37.0,1.0,36.0,0.0,39.0,0.0,10.0,0.0,0.0,0.0
2017-12-17,112.0,3.0,17.0,0.0,106.0,0.0,17.0,0.0,0.0,0.0
2017-12-18,35.0,6.0,5.0,0.0,120.0,3.0,18.0,1.0,0.0,0.0
2017-12-19,37.0,2.0,5.0,0.0,56.0,0.0,16.0,9.0,0.0,0.0
2017-12-20,43.0,,21.0,,22.0,,7.0,,0.0,
2017-12-21,56.0,,51.0,,24.0,,12.0,,0.0,
2017-12-22,110.0,0.0,28.0,0.0,70.0,2.0,24.0,0.0,2.0,0.0
2017-12-23,68.0,0.0,12.0,2.0,129.0,2.0,28.0,1.0,0.0,0.0
2017-12-24,39.0,0.0,3.0,0.0,86.0,0.0,15.0,0.0,0.0,0.0
2017-12-25,0.0,,17.0,,0.0,,0.0,,0.0,
2017-12-26,0.0,0.0,34.0,0.0,0.0,0.0,0.0,0.0,0.0,0.0
2017-12-27,0.0,,23.0,,0.0,,0.0,,0.0,
2017-12-28,11.0,0.0,6.0,0.0,89.0,0.0,21.0,0.0,2.0,0.0
2017-12-29,12.0,1.0,4.0,0.0,46.0,0.0,10.0,0.0,0.0,0.0
2017-12-30,8.0,0.0,15.0,0.0,108.0,2.0,13.0,0.0,0.0,0.0
2017-12-31,12.0,1.0,19.0,0.0,75.0,0.0,0.0,0.0,0.0,0.0
2018-01-01,55.0,0.0,10.0,0.0,122.0,0.0,9.0,0.0,0.0,0.0
2018-01-02,92.0,0.0,7.0,0.0,255.0,1.0,16.0,0.0,0.0,0.0
2018-01-03,51.0,1.0,0.0,0.0,200.0,0.0,39.0,0.0,0.0,0.0
2018-01-04,38.0,1.0,0.0,0.0,163.0,1.0,24.0,0.0,0.0,0.0
2018-01-05,47.0,0.0,3.0,0.0,4.0,0.0,0.0,0.0,0.0,0.0
2018-01-06,34.0,0.0,14.0,0.0,2.0,0.0,15.0,0.0,0.0,0.0
2018-01-07,34.0,0.0,12.0,0.0,45.0,0.0,3.0,0.0,0.0,0.0
2018-01-08,31.0,0.0,17.0,0.0,44.0,0.0,9.0,0.0,0.0,0.0
2018-01-09,29.0,0.0,16.0,0.0,42.0,0.0,22.0,0.0,0.0,0.0
2018-01-10,2.0,0.0,22.0,0.0,112.0,0.0,4.0,0.0,0.0,0.0
2018-01-11,4.0,0.0,69.0,0.0,214.0,0.0,4.0,0.0,0.0,0.0
2018-01-12,64.0,0.0,54.0,0.0,494.0,0.0,33.0,0.0,0.0,0.0
2018-01-13,82.0,0.0,19.0,0.0,641.0,2.0,61.0,0.0,0.0,0.0
2018-01-14,49.0,0.0,5.0,0.0,415.0,1.0,36.0,0.0,0.0,0.0
2018-01-15,2.0,0.0,9.0,0.0,72.0,2.0,17.0,2.0,0.0,0.0
2018-01-16,50.0,0.0,35.0,0.0,77.0,0.0,4.0,0.0,0.0,0.0
2018-01-17,92.0,0.0,51.0,0.0,87.0,0.0,25.0,0.0,0.0,0.0
2018-01-18,134.0,1.0,20.0,0.0,616.0,0.0,85.0,0.0,0.0,0.0
2018-01-19,93.0,2.0,24.0,0.0,272.0,1.0,52.0,0.0,0.0,0.0
2018-01-20,40.0,0.0,22.0,0.0,271.0,0.0,34.0,0.0,0.0,0.0
2018-01-21,21.0,0.0,32.0,0.0,56.0,0.0,17.0,0.0,0.0,0.0
2018-01-22,74.0,0.0,71.0,0.0,7.0,0.0,20.0,0.0,0.0,0.0
2018-01-23,158.0,1.0,70.0,0.0,90.0,0.0,59.0,0.0,0.0,0.0
2018-01-24,128.0,1.0,33.0,0.0,75.0,2.0,82.0,1.0,0.0,0.0
2018-01-25,32.0,1.0,27.0,0.0,200.0,4.0,36.0,0.0,0.0,0.0
2018-01-26,11.0,0.0,44.0,0.0,104.0,0.0,10.0,0.0,0.0,0.0
2018-01-27,19.0,0.0,100.0,0.0,104.0,0.0,7.0,0.0,0.0,0.0
2018-01-28,84.0,0.0,115.0,0.0,52.0,0.0,32.0,0.0,0.0,0.0
2018-01-29,101.0,1.0,48.0,1.0,170.0,0.0,58.0,1.0,2.0,0.0
2018-01-30,26.0,0.0,18.0,0.0,376.0,3.0,13.0,0.0,0.0,0.0
2018-01-31,46.0,0.0,43.0,0.0,217.0,11.0,10.0,0.0,0.0,0.0
2018-02-01,71.0,0.0,117.0,0.0,313.0,0.0,10.0,0.0,0.0,0.0
2018-02-02,124.0,2.0,131.0,0.0,483.0,0.0,36.0,0.0,0.0,0.0
2018-02-03,134.0,2.0,56.0,0.0,1251.0,5.0,119.0,0.0,0.0,0.0
2018-02-04,157.0,2.0,21.0,0.0,967.0,8.0,103.0,0.0,1.0,0.0
2018-02-05,67.0,1.0,27.0,1.0,517.0,5.0,46.0,3.0,0.0,0.0
2018-02-06,67.0,1.0,65.0,0.0,186.0,0.0,23.0,0.0,0.0,0.0
2018-02-07,173.0,0.0,126.0,0.0,370.0,2.0,38.0,0.0,0.0,0.0
2018-02-08,270.0,1.0,71.0,3.0,369.0,0.0,83.0,0.0,3.0,1.0
2018-02-09,81.0,2.0,11.0,0.0,204.0,0.0,112.0,1.0,1.0,1.0
2018-02-10,75.0,3.0,32.0,0.0,109.0,4.0,75.0,2.0,0.0,0.0
2018-02-11,84.0,1.0,63.0,0.0,98.0,0.0,38.0,0.0,0.0,0.0
2018-02-12,116.0,0.0,154.0,0.0,235.0,5.0,32.0,0.0,2.0,0.0
2018-02-13,267.0,2.0,181.0,0.0,509.0,3.0,96.0,2.0,5.0,0.0
2018-02-14,230.0,4.0,75.0,1.0,682.0,1.0,195.0,1.0,1.0,0.0
2018-02-15,111.0,0.0,55.0,0.0,329.0,5.0,147.0,3.0,1.0,0.0
2018-02-16,58.0,1.0,106.0,0.0,99.0,4.0,57.0,0.0,1.0,0.0
2018-02-17,141.0,0.0,249.0,0.0,113.0,2.0,74.0,1.0,1.0,0.0
2018-02-18,166.0,1.0,348.0,10.0,147.0,1.0,56.0,0.0,8.0,0.0
2018-02-19,106.0,4.0,172.0,8.0,300.0,3.0,214.0,0.0,6.0,0.0
2018-02-20,48.0,1.0,120.0,1.0,383.0,16.0,284.0,3.0,0.0,0.0
2018-02-21,21.0,2.0,148.0,0.0,69.0,2.0,50.0,0.0,0.0,0.0
2018-02-22,13.0,0.0,252.0,1.0,52.0,1.0,18.0,0.0,1.0,0.0
2018-02-23,17.0,2.0,426.0,5.0,65.0,0.0,2.0,0.0,0.0,0.0
2018-02-24,93.0,3.0,276.0,2.0,355.0,1.0,52.0,0.0,0.0,0.0
2018-02-25,78.0,5.0,110.0,2.0,553.0,21.0,116.0,0.0,2.0,0.0
2018-02-26,36.0,0.0,80.0,0.0,398.0,30.0,58.0,2.0,0.0,1.0
2018-02-27,48.0,0.0,204.0,2.0,220.0,2.0,63.0,1.0,0.0,0.0
2018-02-28,83.0,0.0,282.0,4.0,124.0,0.0,102.0,0.0,2.0,1.0
2018-03-01,175.0,2.0,369.0,5.0,72.0,2.0,165.0,0.0,2.0,0.0
2018-03-02,128.0,6.0,248.0,0.0,189.0,1.0,221.0,2.0,2.0,0.0
2018-03-03,75.0,4.0,156.0,5.0,86.0,3.0,308.0,2.0,0.0,0.0
2018-03-04,66.0,3.0,308.0,1.0,43.0,6.0,251.0,4.0,0.0,2.0
2018-03-05,152.0,0.0,555.0,4.0,26.0,1.0,330.0,1.0,2.0,0.0
2018-03-06,301.0,3.0,937.0,23.0,114.0,0.0,593.0,5.0,1.0,0.0
2018-03-07,230.0,5.0,476.0,11.0,415.0,6.0,603.0,2.0,1.0,0.0
2018-03-08,63.0,2.0,368.0,1.0,206.0,11.0,328.0,1.0,0.0,0.0
2018-03-09,15.0,1.0,314.0,0.0,258.0,22.0,117.0,1.0,0.0,0.0
2018-03-10,57.0,0.0,550.0,4.0,193.0,4.0,181.0,0.0,0.0,0.0
2018-03-11,133.0,1.0,750.0,7.0,341.0,4.0,282.0,0.0,1.0,0.0
2018-03-12,220.0,1.0,482.0,5.0,313.0,2.0,334.0,0.0,4.0,0.0
2018-03-13,121.0,2.0,260.0,3.0,245.0,13.0,818.0,4.0,0.0,0.0
2018-03-14,42.0,0.0,421.0,2.0,71.0,6.0,45.0,0.0,1.0,1.0
2018-03-15,44.0,1.0,633.0,1.0,35.0,0.0,33.0,0.0,0.0,1.0
2018-03-16,103.0,0.0,704.0,4.0,51.0,0.0,59.0,0.0,0.0,0.0
2018-03-17,362.0,8.0,304.0,3.0,68.0,0.0,246.0,0.0,0.0,0.0
2018-03-18,174.0,10.0,384.0,10.0,136.0,1.0,439.0,0.0,4.0,0.0
2018-03-19,85.0,10.0,646.0,8.0,85.0,6.0,355.0,1.0,1.0,3.0
2018-03-20,104.0,0.0,1004.0,6.0,50.0,2.0,159.0,0.0,1.0,0.0
2018-03-21,95.0,0.0,1500.0,5.0,33.0,0.0,91.0,0.0,0.0,0.0
2018-03-22,198.0,3.0,1562.0,13.0,45.0,0.0,228.0,0.0,1.0,1.0
2018-03-23,180.0,2.0,812.0,3.0,245.0,0.0,702.0,0.0,14.0,0.0
2018-03-24,110.0,1.0,819.0,4.0,208.0,4.0,623.0,0.0,0.0,0.0
2018-03-25,40.0,1.0,764.0,0.0,90.0,6.0,475.0,0.0,0.0,0.0
2018-03-26,35.0,0.0,781.0,2.0,35.0,2.0,172.0,0.0,2.0,0.0
2018-03-27,118.0,3.0,1285.0,10.0,215.0,0.0,283.0,0.0,2.0,0.0
2018-03-28,161.0,4.0,853.0,11.0,117.0,0.0,238.0,4.0,1.0,0.0
2018-03-29,74.0,4.0,657.0,2.0,2.0,2.0,354.0,2.0,2.0,3.0
2018-03-30,34.0,0.0,710.0,0.0,43.0,0.0,99.0,2.0,0.0,0.0
2018-03-31,24.0,0.0,871.0,1.0,13.0,2.0,132.0,2.0,0.0,0.0
2018-04-01,38.0,0.0,1101.0,1.0,8.0,0.0,177.0,0.0,0.0,0.0
2018-04-02,68.0,1.0,1062.0,2.0,56.0,1.0,500.0,0.0,4.0,0.0
2018-04-03,112.0,4.0,803.0,0.0,83.0,4.0,724.0,1.0,6.0,0.0
2018-04-04,51.0,1.0,316.0,2.0,48.0,1.0,671.0,2.0,3.0,0.0
2018-04-05,17.0,0.0,547.0,0.0,16.0,0.0,291.0,0.0,0.0,0.0
2018-04-06,32.0,0.0,686.0,1.0,25.0,0.0,149.0,0.0,2.0,0.0
2018-04-07,40.0,0.0,608.0,2.0,7.0,0.0,2.0,0.0,2.0,0.0
2018-04-08,50.0,3.0,70.0,0.0,73.0,0.0,312.0,0.0,0.0,0.0
2018-04-09,57.0,3.0,255.0,1.0,114.0,6.0,788.0,3.0,2.0,0.0
2018-04-10,72.0,1.0,485.0,2.0,86.0,3.0,1519.0,1.0,0.0,1.0
2018-04-11,273.0,0.0,795.0,2.0,26.0,1.0,2115.0,9.0,2.0,0.0
2018-04-12,481.0,1.0,1518.0,7.0,26.0,0.0,2282.0,7.0,3.0,0.0
2018-04-13,272.0,10.0,965.0,14.0,20.0,3.0,3193.0,4.0,7.0,0.0
2018-04-14,128.0,5.0,340.0,6.0,30.0,2.0,847.0,2.0,0.0,0.0
2018-04-15,60.0,0.0,154.0,2.0,23.0,0.0,156.0,0.0,0.0,0.0
2018-04-16,57.0,2.0,368.0,0.0,14.0,2.0,33.0,0.0,0.0,0.0
2018-04-17,30.0,1.0,552.0,0.0,4.0,0.0,0.0,0.0,0.0,0.0
2018-04-18,106.0,1.0,121.0,4.0,7.0,0.0,11.0,0.0,0.0,2.0
2018-04-19,74.0,1.0,69.0,0.0,22.0,0.0,22.0,0.0,1.0,0.0
2018-04-20,23.0,1.0,59.0,0.0,16.0,1.0,26.0,0.0,0.0,2.0
2018-04-21,42.0,0.0,149.0,7.0,12.0,0.0,25.0,0.0,0.0,0.0
2018-04-22,109.0,0.0,235.0,2.0,15.0,2.0,126.0,0.0,0.0,0.0
2018-04-23,354.0,2.0,530.0,10.0,31.0,0.0,980.0,0.0,4.0,0.0
2018-04-24,98.0,4.0,440.0,4.0,47.0,0.0,1235.0,0.0,1.0,0.0
2018-04-25,50.0,0.0,235.0,3.0,17.0,1.0,185.0,0.0,1.0,0.0
2018-04-26,16.0,0.0,102.0,0.0,10.0,0.0,1.0,0.0,0.0,0.0
2018-04-27,12.0,0.0,144.0,0.0,5.0,0.0,13.0,0.0,0.0,0.0
2018-04-28,2.0,0.0,235.0,0.0,6.0,0.0,1.0,0.0,0.0,0.0
2018-04-29,4.0,0.0,36.0,0.0,0.0,0.0,0.0,0.0,7.0,0.0
2018-04-30,4.0,0.0,30.0,0.0,0.0,0.0,9.0,0.0,0.0,1.0
2018-05-01,1.0,0.0,45.0,0.0,2.0,0.0,38.0,0.0,0.0,0.0
2018-05-02,0.0,0.0,14.0,0.0,0.0,0.0,1.0,0.0,0.0,0.0
2018-05-03,3.0,0.0,20.0,0.0,1.0,0.0,0.0,0.0,0.0,0.0
2018-05-04,32.0,0.0,13.0,0.0,1.0,0.0,4.0,0.0,3.0,0.0
2018-05-05,11.0,0.0,10.0,0.0,18.0,0.0,0.0,0.0,0.0,0.0
2018-05-06,6.0,,15.0,,6.0,,4.0,,0.0,
2018-05-07,10.0,0.0,12.0,0.0,6.0,0.0,47.0,0.0,0.0,0.0
2018-05-08,15.0,0.0,27.0,0.0,5.0,0.0,151.0,0.0,2.0,0.0
2018-05-09,28.0,0.0,39.0,0.0,2.0,0.0,163.0,0.0,4.0,0.0
2018-05-10,21.0,0.0,35.0,0.0,2.0,0.0,299.0,0.0,7.0,0.0
2018-05-11,2.0,0.0,25.0,0.0,2.0,0.0,94.0,0.0,1.0,0.0
2018-05-12,1.0,0.0,3.0,0.0,7.0,0.0,28.0,0.0,0.0,0.0
2018-05-13,1.0,,11.0,,4.0,,1.0,,2.0,
2018-05-14,6.0,0.0,27.0,2.0,0.0,0.0,7.0,0.0,2.0,0.0
2018-05-15,17.0,0.0,27.0,0.0,5.0,0.0,9.0,0.0,1.0,0.0
2018-05-16,5.0,0.0,35.0,0.0,8.0,1.0,89.0,1.0,0.0,0.0
2018-05-17,2.0,0.0,2.0,0.0,6.0,0.0,21.0,0.0,0.0,0.0
2018-05-18,3.0,0.0,5.0,0.0,4.0,0.0,59.0,0.0,2.0,0.0
2018-05-19,4.0,,11.0,,5.0,,15.0,,6.0,
2018-05-20,17.0,0.0,6.0,0.0,3.0,0.0,4.0,0.0,2.0,0.0
2018-05-21,7.0,0.0,11.0,0.0,5.0,0.0,20.0,0.0,6.0,2.0
2018-05-22,0.0,0.0,9.0,0.0,1.0,0.0,5.0,0.0,0.0,2.0
2018-05-23,1.0,0.0,3.0,0.0,0.0,0.0,29.0,0.0,0.0,0.0
2018-05-24,0.0,0.0,0.0,0.0,0.0,0.0,0.0,0.0,0.0,0.0
2018-05-25,3.0,0.0,2.0,0.0,0.0,0.0,0.0,0.0,1.0,0.0
2018-05-26,4.0,0.0,3.0,0.0,3.0,0.0,3.0,0.0,2.0,0.0
2018-05-27,2.0,,0.0,,2.0,,0.0,,0.0,
2018-05-28,0.0,,0.0,,1.0,,0.0,,0.0,
2018-05-29,0.0,0.0,0.0,0.0,0.0,0.0,0.0,0.0,0.0,0.0
2018-05-30,0.0,0.0,0.0,0.0,0.0,0.0,0.0,0.0,0.0,0.0
2018-05-31,0.0,0.0,0.0,0.0,0.0,0.0,1.0,0.0,0.0,0.0
2018-06-01,1.0,0.0,0.0,0.0,5.0,0.0,2.0,0.0,0.0,0.0
2018-06-02,0.0,,0.0,,0.0,,3.0,,0.0,
2018-06-03,1.0,0.0,0.0,0.0,0.0,0.0,0.0,0.0,0.0,0.0
2018-06-04,1.0,,0.0,,0.0,,0.0,,1.0,
2018-06-05,8.0,0.0,1.0,0.0,0.0,0.0,0.0,0.0,8.0,1.0
2018-06-06,2.0,,0.0,,0.0,,0.0,,9.0,
2018-06-07,0.0,,1.0,,1.0,,1.0,,0.0,
2018-06-08,0.0,,0.0,,0.0,,1.0,,0.0,
2018-06-09,0.0,0.0,0.0,0.0,0.0,0.0,0.0,0.0,2.0,0.0
2018-06-10,0.0,0.0,0.0,0.0,1.0,0.0,0.0,0.0,5.0,0.0
2018-06-11,0.0,,0.0,,0.0,,0.0,,0.0,
2018-06-12,0.0,,0.0,,0.0,,0.0,,3.0,
2018-06-13,0.0,0.0,0.0,0.0,5.0,0.0,0.0,0.0,0.0,0.0
2018-06-14,0.0,,0.0,,0.0,,0.0,,3.0,
2018-06-15,1.0,,0.0,,2.0,,0.0,,1.0,
2018-06-16,1.0,0.0,0.0,0.0,1.0,0.0,0.0,0.0,0.0,0.0
2018-06-17,0.0,0.0,0.0,0.0,7.0,0.0,0.0,0.0,0.0,0.0
2018-06-18,0.0,0.0,0.0,0.0,1.0,0.0,0.0,0.0,0.0,0.0
2018-06-19,0.0,,0.0,,0.0,,0.0,,0.0,
2018-06-20,0.0,0.0,0.0,0.0,0.0,0.0,0.0,0.0,0.0,0.0
2018-06-21,1.0,0.0,0.0,0.0,4.0,0.0,0.0,0.0,1.0,0.0
2018-06-22,0.0,0.0,0.0,0.0,12.0,0.0,0.0,0.0,0.0,0.0
2018-06-23,0.0,,0.0,,6.0,,0.0,,0.0,
2018-06-24,0.0,,0.0,,3.0,,0.0,,0.0,
2018-06-25,0.0,0.0,0.0,0.0,0.0,0.0,0.0,0.0,0.0,0.0
2018-06-26,0.0,,0.0,,0.0,,0.0,,0.0,
2018-06-27,0.0,,0.0,,0.0,,0.0,,2.0,
2018-06-28,0.0,0.0,0.0,0.0,0.0,0.0,0.0,0.0,0.0,0.0
2018-06-29,1.0,0.0,0.0,0.0,0.0,0.0,0.0,0.0,0.0,1.0
2018-06-30,0.0,0.0,0.0,0.0,1.0,0.0,0.0,0.0,0.0,0.0
2018-07-01,1.0,0.0,0.0,0.0,9.0,0.0,0.0,0.0,0.0,0.0
2018-07-02,10.0,0.0,0.0,0.0,20.0,0.0,0.0,0.0,0.0,0.0
2018-07-03,2.0,0.0,0.0,0.0,25.0,0.0,0.0,0.0,0.0,0.0
2018-07-04,0.0,0.0,0.0,0.0,18.0,0.0,0.0,0.0,0.0,0.0
2018-07-05,0.0,0.0,1.0,0.0,0.0,0.0,0.0,0.0,0.0,0.0
2018-07-06,0.0,0.0,0.0,0.0,0.0,0.0,0.0,0.0,0.0,0.0
2018-07-07,0.0,0.0,0.0,0.0,2.0,0.0,0.0,0.0,3.0,0.0
2018-07-08,0.0,0.0,0.0,0.0,0.0,0.0,0.0,0.0,6.0,0.0
2018-07-09,2.0,0.0,0.0,0.0,4.0,0.0,0.0,0.0,0.0,0.0
2018-07-10,0.0,0.0,0.0,0.0,0.0,0.0,0.0,0.0,0.0,0.0
2018-07-11,0.0,0.0,0.0,0.0,0.0,0.0,0.0,0.0,0.0,0.0
2018-07-12,1.0,0.0,0.0,0.0,0.0,0.0,0.0,0.0,0.0,1.0
2018-07-13,0.0,0.0,0.0,0.0,0.0,0.0,0.0,0.0,3.0,1.0
2018-07-14,0.0,0.0,0.0,0.0,0.0,0.0,0.0,0.0,0.0,0.0
2018-07-15,0.0,0.0,0.0,0.0,0.0,0.0,0.0,0.0,6.0,4.0
2018-07-16,0.0,0.0,1.0,0.0,0.0,0.0,0.0,0.0,9.0,4.0
2018-07-17,0.0,0.0,0.0,0.0,0.0,0.0,0.0,0.0,7.0,0.0
2018-07-18,0.0,0.0,0.0,0.0,0.0,0.0,0.0,0.0,4.0,2.0
2018-07-19,0.0,0.0,1.0,0.0,0.0,0.0,0.0,0.0,15.0,6.0
2018-07-20,0.0,0.0,0.0,0.0,0.0,0.0,0.0,0.0,0.0,5.0
2018-07-21,0.0,0.0,0.0,0.0,0.0,0.0,0.0,0.0,0.0,0.0
2018-07-22,0.0,0.0,0.0,0.0,0.0,0.0,0.0,0.0,15.0,0.0
2018-07-23,0.0,0.0,0.0,0.0,1.0,0.0,0.0,0.0,10.0,0.0
2018-07-24,0.0,0.0,0.0,0.0,0.0,0.0,0.0,0.0,4.0,0.0
2018-07-25,0.0,0.0,0.0,0.0,3.0,0.0,0.0,0.0,0.0,0.0
2018-07-26,0.0,0.0,0.0,0.0,0.0,0.0,0.0,0.0,0.0,0.0
2018-07-27,0.0,0.0,0.0,0.0,0.0,0.0,0.0,0.0,0.0,0.0
2018-07-28,0.0,0.0,0.0,0.0,0.0,0.0,0.0,0.0,2.0,0.0
2018-07-29,0.0,0.0,0.0,0.0,1.0,0.0,0.0,0.0,1.0,0.0
2018-07-30,0.0,0.0,0.0,0.0,0.0,0.0,0.0,0.0,0.0,0.0
2018-07-31,0.0,0.0,0.0,0.0,0.0,0.0,0.0,0.0,0.0,0.0
2018-08-01,1.0,0.0,0.0,0.0,1.0,0.0,0.0,0.0,0.0,0.0
2018-08-02,3.0,0.0,0.0,0.0,0.0,0.0,0.0,0.0,0.0,0.0
2018-08-03,0.0,0.0,0.0,0.0,2.0,0.0,0.0,0.0,5.0,0.0
2018-08-04,6.0,0.0,0.0,0.0,3.0,0.0,0.0,0.0,0.0,0.0
2018-08-05,0.0,0.0,0.0,0.0,1.0,0.0,0.0,0.0,1.0,0.0
2018-08-06,0.0,0.0,0.0,0.0,0.0,0.0,0.0,0.0,0.0,0.0
2018-08-07,6.0,0.0,0.0,0.0,0.0,0.0,0.0,0.0,0.0,0.0
2018-08-08,5.0,,0.0,,0.0,,0.0,,0.0,
2018-08-09,0.0,0.0,0.0,0.0,0.0,0.0,0.0,0.0,0.0,0.0
2018-08-10,0.0,0.0,0.0,0.0,0.0,0.0,0.0,0.0,0.0,1.0
2018-08-11,0.0,0.0,0.0,0.0,0.0,0.0,0.0,0.0,3.0,4.0
2018-08-12,0.0,0.0,0.0,0.0,0.0,0.0,0.0,0.0,11.0,0.0
2018-08-13,0.0,0.0,0.0,0.0,0.0,0.0,0.0,0.0,30.0,0.0
2018-08-14,0.0,0.0,0.0,0.0,0.0,0.0,0.0,0.0,18.0,1.0
2018-08-15,0.0,0.0,0.0,0.0,2.0,0.0,0.0,0.0,2.0,1.0
2018-08-16,0.0,0.0,0.0,0.0,0.0,0.0,0.0,0.0,0.0,1.0
2018-08-17,1.0,0.0,0.0,0.0,0.0,0.0,0.0,0.0,2.0,0.0
2018-08-18,1.0,0.0,0.0,0.0,0.0,0.0,0.0,0.0,2.0,0.0
2018-08-19,0.0,0.0,0.0,0.0,0.0,0.0,0.0,0.0,5.0,0.0
2018-08-20,0.0,0.0,0.0,0.0,0.0,0.0,0.0,0.0,2.0,0.0
2018-08-21,0.0,0.0,0.0,0.0,0.0,0.0,0.0,0.0,0.0,0.0
2018-08-22,0.0,0.0,0.0,0.0,0.0,0.0,0.0,0.0,0.0,0.0
2018-08-23,0.0,0.0,0.0,0.0,0.0,0.0,0.0,0.0,0.0,0.0
2018-08-24,0.0,0.0,0.0,0.0,0.0,0.0,0.0,0.0,7.0,0.0
2018-08-25,0.0,0.0,0.0,0.0,0.0,0.0,0.0,0.0,12.0,1.0
2018-08-26,0.0,0.0,0.0,0.0,0.0,0.0,0.0,0.0,2.0,2.0
2018-08-27,0.0,0.0,0.0,0.0,0.0,0.0,0.0,0.0,0.0,1.0
2018-08-28,0.0,0.0,0.0,0.0,0.0,0.0,0.0,0.0,0.0,0.0
2018-08-29,4.0,0.0,0.0,0.0,0.0,0.0,0.0,0.0,3.0,0.0
2018-08-30,1.0,0.0,0.0,0.0,0.0,0.0,0.0,0.0,11.0,0.0
2018-08-31,2.0,0.0,0.0,0.0,2.0,0.0,0.0,0.0,1.0,0.0
2018-09-01,0.0,0.0,0.0,0.0,1.0,0.0,0.0,0.0,0.0,0.0
2018-09-02,0.0,0.0,0.0,0.0,0.0,0.0,0.0,0.0,0.0,0.0
2018-09-03,0.0,0.0,0.0,0.0,0.0,0.0,0.0,0.0,0.0,0.0
2018-09-04,2.0,0.0,0.0,0.0,0.0,0.0,0.0,0.0,3.0,0.0
2018-09-05,0.0,0.0,0.0,0.0,0.0,0.0,0.0,0.0,1.0,0.0
2018-09-06,0.0,0.0,0.0,0.0,1.0,0.0,0.0,0.0,0.0,0.0
2018-09-07,1.0,0.0,0.0,0.0,0.0,0.0,0.0,0.0,1.0,0.0
2018-09-08,0.0,0.0,0.0,0.0,0.0,0.0,0.0,0.0,0.0,0.0
2018-09-09,11.0,0.0,0.0,0.0,0.0,0.0,0.0,0.0,1.0,0.0
2018-09-10,2.0,0.0,0.0,0.0,0.0,0.0,0.0,0.0,1.0,0.0
2018-09-11,3.0,0.0,0.0,0.0,0.0,0.0,0.0,0.0,0.0,0.0
2018-09-12,0.0,0.0,0.0,0.0,0.0,0.0,0.0,0.0,0.0,0.0
2018-09-13,0.0,0.0,0.0,0.0,0.0,0.0,0.0,0.0,0.0,0.0
2018-09-14,0.0,0.0,1.0,0.0,0.0,0.0,0.0,0.0,0.0,0.0
2018-09-15,3.0,0.0,0.0,0.0,0.0,0.0,0.0,0.0,1.0,0.0
2018-09-16,0.0,0.0,1.0,0.0,0.0,0.0,0.0,0.0,0.0,0.0
2018-09-17,0.0,0.0,1.0,0.0,0.0,0.0,0.0,0.0,0.0,0.0
2018-09-18,0.0,,0.0,,0.0,,0.0,,0.0,
2018-09-19,0.0,0.0,0.0,0.0,0.0,0.0,0.0,0.0,0.0,0.0
2018-09-20,5.0,0.0,0.0,0.0,1.0,0.0,0.0,0.0,0.0,0.0
2018-09-21,3.0,0.0,0.0,0.0,0.0,0.0,0.0,0.0,0.0,0.0
2018-09-22,0.0,0.0,0.0,0.0,0.0,0.0,1.0,0.0,0.0,0.0
2018-09-23,0.0,0.0,0.0,0.0,0.0,0.0,0.0,0.0,1.0,0.0
2018-09-24,0.0,0.0,1.0,0.0,0.0,0.0,0.0,0.0,1.0,0.0
2018-09-25,9.0,0.0,1.0,0.0,0.0,0.0,0.0,0.0,9.0,0.0
2018-09-26,9.0,0.0,0.0,0.0,1.0,0.0,0.0,0.0,6.0,1.0
2018-09-27,1.0,0.0,0.0,0.0,2.0,0.0,0.0,0.0,3.0,0.0
2018-09-28,0.0,0.0,0.0,0.0,0.0,0.0,0.0,0.0,1.0,0.0
2018-09-29,1.0,0.0,0.0,0.0,0.0,0.0,0.0,0.0,0.0,0.0
2018-09-30,1.0,0.0,0.0,0.0,0.0,0.0,0.0,0.0,17.0,0.0
2018-10-01,1.0,0.0,0.0,0.0,1.0,0.0,0.0,0.0,11.0,0.0
2018-10-02,0.0,0.0,0.0,0.0,1.0,0.0,0.0,0.0,6.0,0.0
2018-10-03,1.0,0.0,0.0,0.0,0.0,0.0,0.0,0.0,0.0,0.0
2018-10-04,0.0,0.0,0.0,0.0,0.0,0.0,0.0,0.0,0.0,0.0
2018-10-05,2.0,0.0,0.0,0.0,0.0,0.0,2.0,0.0,0.0,0.0
2018-10-06,4.0,0.0,0.0,0.0,1.0,0.0,3.0,0.0,0.0,0.0
2018-10-07,1.0,0.0,0.0,0.0,2.0,0.0,2.0,0.0,2.0,0.0
2018-10-08,1.0,0.0,0.0,0.0,0.0,0.0,4.0,0.0,0.0,1.0
2018-10-09,0.0,0.0,0.0,0.0,0.0,0.0,4.0,0.0,0.0,0.0
2018-10-10,1.0,0.0,0.0,0.0,0.0,0.0,0.0,0.0,0.0,0.0
2018-10-11,6.0,0.0,0.0,0.0,0.0,0.0,0.0,0.0,0.0,0.0
2018-10-12,3.0,0.0,0.0,0.0,5.0,0.0,1.0,0.0,0.0,0.0
2018-10-13,0.0,0.0,0.0,0.0,3.0,0.0,2.0,0.0,0.0,0.0
2018-10-14,0.0,0.0,0.0,0.0,4.0,0.0,1.0,0.0,0.0,0.0
2018-10-15,0.0,0.0,0.0,0.0,0.0,0.0,0.0,0.0,0.0,0.0
2018-10-16,8.0,0.0,1.0,0.0,0.0,0.0,0.0,0.0,0.0,0.0
2018-10-17,14.0,0.0,0.0,0.0,0.0,0.0,0.0,0.0,5.0,0.0
2018-10-18,1.0,,3.0,,0.0,,1.0,,0.0,
2018-10-19,0.0,0.0,0.0,0.0,0.0,0.0,0.0,0.0,0.0,0.0
2018-10-20,0.0,0.0,0.0,0.0,0.0,0.0,0.0,0.0,0.0,0.0
2018-10-21,0.0,0.0,0.0,0.0,0.0,0.0,0.0,0.0,0.0,0.0
2018-10-22,1.0,0.0,3.0,0.0,0.0,0.0,0.0,0.0,4.0,0.0
2018-10-23,2.0,0.0,0.0,0.0,1.0,0.0,1.0,0.0,0.0,0.0
2018-10-24,0.0,0.0,0.0,0.0,0.0,0.0,1.0,0.0,0.0,0.0
2018-10-25,0.0,0.0,0.0,0.0,0.0,0.0,1.0,0.0,0.0,0.0
2018-10-26,1.0,,0.0,,0.0,,0.0,,0.0,
2018-10-27,1.0,0.0,0.0,0.0,1.0,0.0,1.0,0.0,2.0,0.0
2018-10-28,3.0,0.0,0.0,0.0,4.0,0.0,3.0,0.0,0.0,0.0
2018-10-29,1.0,,0.0,,3.0,,6.0,,0.0,
2018-10-30,0.0,0.0,0.0,0.0,1.0,0.0,7.0,0.0,0.0,0.0
2018-10-31,2.0,0.0,1.0,0.0,0.0,0.0,1.0,0.0,0.0,0.0
2018-11-01,10.0,0.0,6.0,0.0,0.0,0.0,2.0,0.0,0.0,0.0
2018-11-02,15.0,0.0,5.0,0.0,14.0,0.0,2.0,0.0,0.0,0.0
2018-11-03,3.0,0.0,0.0,0.0,7.0,0.0,7.0,0.0,0.0,0.0
2018-11-04,0.0,,0.0,,1.0,,2.0,,0.0,
2018-11-05,1.0,,3.0,,0.0,,1.0,,0.0,
2018-11-06,2.0,0.0,11.0,0.0,2.0,0.0,0.0,0.0,0.0,0.0
2018-11-07,8.0,0.0,4.0,0.0,1.0,0.0,2.0,0.0,1.0,0.0
2018-11-08,5.0,0.0,2.0,0.0,0.0,0.0,0.0,0.0,1.0,0.0
2018-11-09,0.0,,0.0,,3.0,,0.0,,0.0,
2018-11-10,0.0,0.0,0.0,0.0,1.0,0.0,0.0,0.0,0.0,0.0
2018-11-11,0.0,0.0,1.0,0.0,0.0,0.0,0.0,0.0,0.0,0.0
2018-11-12,14.0,0.0,6.0,0.0,1.0,0.0,0.0,0.0,1.0,0.0
2018-11-13,5.0,0.0,1.0,0.0,4.0,0.0,0.0,0.0,0.0,0.0
2018-11-14,1.0,0.0,0.0,0.0,4.0,0.0,1.0,0.0,0.0,0.0
2018-11-15,4.0,0.0,3.0,0.0,1.0,0.0,0.0,0.0,0.0,0.0
2018-11-16,3.0,0.0,19.0,0.0,3.0,0.0,0.0,0.0,0.0,0.0
2018-11-17,31.0,,34.0,,1.0,,1.0,,0.0,
2018-11-18,21.0,0.0,7.0,0.0,7.0,0.0,2.0,0.0,0.0,0.0
2018-11-19,9.0,0.0,1.0,0.0,6.0,0.0,6.0,0.0,0.0,0.0
2018-11-20,1.0,0.0,1.0,0.0,12.0,0.0,2.0,0.0,0.0,0.0
2018-11-21,7.0,,8.0,,17.0,,4.0,,0.0,
2018-11-22,14.0,0.0,36.0,1.0,18.0,0.0,2.0,0.0,0.0,0.0
2018-11-23,46.0,0.0,14.0,0.0,15.0,0.0,4.0,0.0,3.0,0.0
2018-11-24,27.0,0.0,1.0,0.0,17.0,0.0,10.0,2.0,1.0,0.0
2018-11-25,16.0,1.0,0.0,0.0,4.0,0.0,1.0,0.0,0.0,0.0
2018-11-26,1.0,0.0,8.0,0.0,0.0,0.0,1.0,0.0,0.0,0.0
2018-11-27,24.0,0.0,43.0,0.0,0.0,0.0,0.0,0.0,0.0,0.0
2018-11-28,28.0,0.0,24.0,1.0,8.0,0.0,2.0,0.0,0.0,0.0
2018-11-29,30.0,0.0,8.0,0.0,14.0,1.0,8.0,0.0,0.0,0.0
2018-11-30,18.0,,4.0,,11.0,,3.0,,0.0,
2018-12-01,2.0,0.0,6.0,0.0,23.0,0.0,3.0,0.0,0.0,0.0
2018-12-02,36.0,0.0,31.0,0.0,22.0,0.0,5.0,0.0,0.0,0.0
2018-12-03,103.0,0.0,21.0,0.0,16.0,0.0,3.0,0.0,0.0,0.0
2018-12-04,101.0,0.0,35.0,0.0,68.0,0.0,17.0,0.0,0.0,0.0
2018-12-05,56.0,0.0,9.0,0.0,49.0,0.0,13.0,0.0,0.0,0.0
2018-12-06,27.0,0.0,9.0,0.0,51.0,0.0,5.0,0.0,0.0,0.0
2018-12-07,4.0,0.0,5.0,0.0,0.0,0.0,0.0,0.0,0.0,0.0
2018-12-08,0.0,0.0,43.0,0.0,1.0,0.0,0.0,0.0,0.0,0.0
2018-12-09,11.0,0.0,24.0,1.0,27.0,0.0,0.0,0.0,0.0,0.0
2018-12-10,25.0,0.0,4.0,1.0,86.0,0.0,6.0,0.0,0.0,0.0
2018-12-11,16.0,,2.0,,86.0,,7.0,,0.0,
2018-12-12,1.0,0.0,5.0,0.0,51.0,0.0,2.0,0.0,0.0,0.0
2018-12-13,43.0,0.0,14.0,0.0,60.0,0.0,4.0,0.0,0.0,0.0
2018-12-14,114.0,1.0,13.0,0.0,237.0,0.0,11.0,0.0,0.0,0.0
2018-12-15,89.0,1.0,8.0,0.0,119.0,0.0,10.0,0.0,0.0,0.0
2018-12-16,63.0,0.0,4.0,0.0,252.0,6.0,17.0,0.0,0.0,0.0
2018-12-17,28.0,1.0,22.0,0.0,141.0,2.0,4.0,0.0,0.0,0.0
2018-12-18,41.0,0.0,45.0,0.0,143.0,0.0,3.0,0.0,0.0,0.0
2018-12-19,128.0,,25.0,,252.0,,13.0,,0.0,
2018-12-20,129.0,1.0,3.0,0.0,296.0,1.0,22.0,0.0,0.0,0.0
2018-12-21,74.0,1.0,3.0,0.0,183.0,4.0,23.0,0.0,0.0,0.0
2018-12-22,30.0,0.0,16.0,0.0,157.0,1.0,16.0,0.0,0.0,0.0
2018-12-23,20.0,0.0,38.0,0.0,73.0,2.0,1.0,0.0,0.0,0.0
2018-12-24,58.0,1.0,84.0,0.0,201.0,0.0,15.0,0.0,0.0,0.0
2018-12-25,151.0,0.0,29.0,0.0,268.0,1.0,27.0,0.0,0.0,0.0
2018-12-26,74.0,2.0,8.0,0.0,293.0,0.0,32.0,0.0,0.0,0.0
2018-12-27,30.0,1.0,14.0,0.0,41.0,0.0,8.0,0.0,0.0,0.0
2018-12-28,13.0,0.0,32.0,0.0,3.0,0.0,3.0,0.0,0.0,0.0
2018-12-29,1.0,,54.0,,0.0,,0.0,,2.0,
2018-12-30,16.0,4.0,41.0,0.0,103.0,0.0,10.0,0.0,2.0,0.0
2018-12-31,119.0,5.0,19.0,0.0,474.0,0.0,9.0,0.0,1.0,0.0
2019-01-01,100.0,0.0,71.0,0.0,165.0,0.0,8.0,0.0,1.0,0.0
2019-01-02,189.0,1.0,48.0,0.0,98.0,3.0,14.0,1.0,0.0,0.0
2019-01-03,57.0,0.0,10.0,0.0,282.0,0.0,21.0,0.0,0.0,0.0
2019-01-04,3.0,0.0,19.0,0.0,371.0,5.0,34.0,0.0,2.0,0.0
2019-01-05,2.0,0.0,33.0,0.0,191.0,1.0,14.0,0.0,0.0,0.0
2019-01-06,16.0,0.0,85.0,0.0,173.0,0.0,7.0,0.0,0.0,0.0
2019-01-07,108.0,1.0,13.0,0.0,702.0,1.0,37.0,0.0,1.0,0.0
2019-01-08,79.0,0.0,1.0,0.0,602.0,7.0,58.0,0.0,0.0,0.0
2019-01-09,27.0,0.0,3.0,0.0,387.0,6.0,32.0,0.0,0.0,1.0
2019-01-10,21.0,1.0,7.0,0.0,181.0,7.0,22.0,0.0,0.0,0.0
2019-01-11,11.0,0.0,25.0,0.0,172.0,0.0,17.0,0.0,0.0,0.0
2019-01-12,90.0,0.0,23.0,0.0,267.0,1.0,26.0,0.0,1.0,0.0
2019-01-13,197.0,5.0,14.0,0.0,947.0,1.0,37.0,0.0,2.0,0.0
2019-01-14,80.0,4.0,16.0,0.0,737.0,10.0,55.0,0.0,1.0,0.0
2019-01-15,43.0,2.0,21.0,0.0,331.0,3.0,29.0,0.0,0.0,0.0
2019-01-16,60.0,3.0,60.0,0.0,95.0,2.0,9.0,0.0,0.0,0.0
2019-01-17,114.0,1.0,77.0,2.0,189.0,3.0,17.0,0.0,0.0,0.0
2019-01-18,176.0,3.0,53.0,0.0,588.0,1.0,36.0,0.0,0.0,0.0
2019-01-19,60.0,4.0,16.0,0.0,715.0,6.0,64.0,0.0,1.0,0.0
2019-01-20,92.0,4.0,11.0,0.0,392.0,7.0,55.0,0.0,0.0,2.0
2019-01-21,60.0,0.0,30.0,0.0,110.0,8.0,31.0,1.0,0.0,0.0
2019-01-22,115.0,0.0,51.0,0.0,157.0,4.0,22.0,0.0,0.0,0.0
2019-01-23,238.0,1.0,73.0,0.0,319.0,0.0,46.0,1.0,3.0,0.0
2019-01-24,247.0,8.0,39.0,0.0,918.0,9.0,98.0,0.0,1.0,1.0
2019-01-25,152.0,7.0,20.0,0.0,428.0,16.0,69.0,1.0,0.0,0.0
2019-01-26,105.0,4.0,53.0,0.0,198.0,4.0,26.0,3.0,0.0,0.0
2019-01-27,110.0,0.0,79.0,0.0,204.0,8.0,24.0,0.0,1.0,0.0
2019-01-28,281.0,4.0,114.0,0.0,281.0,0.0,49.0,0.0,0.0,0.0
2019-01-29,261.0,8.0,26.0,0.0,640.0,10.0,126.0,2.0,3.0,0.0
2019-01-30,105.0,9.0,14.0,0.0,329.0,13.0,82.0,0.0,0.0,0.0
2019-01-31,89.0,1.0,25.0,0.0,153.0,9.0,44.0,2.0,0.0,0.0
2019-02-01,90.0,2.0,77.0,1.0,167.0,4.0,41.0,0.0,0.0,0.0
2019-02-02,185.0,6.0,170.0,0.0,234.0,0.0,61.0,0.0,0.0,0.0
2019-02-03,297.0,4.0,108.0,0.0,250.0,2.0,137.0,0.0,3.0,0.0
2019-02-04,165.0,13.0,43.0,0.0,136.0,3.0,147.0,3.0,2.0,1.0
2019-02-05,95.0,7.0,52.0,0.0,87.0,3.0,127.0,1.0,0.0,0.0
2019-02-06,115.0,0.0,113.0,0.0,41.0,2.0,46.0,0.0,1.0,0.0
2019-02-07,177.0,1.0,204.0,0.0,89.0,2.0,112.0,2.0,2.0,0.0
2019-02-08,484.0,16.0,219.0,2.0,177.0,2.0,209.0,10.0,12.0,0.0
2019-02-09,409.0,33.0,66.0,2.0,233.0,3.0,335.0,21.0,4.0,0.0
2019-02-10,185.0,18.0,29.0,0.0,184.0,11.0,167.0,3.0,1.0,0.0
2019-02-11,62.0,7.0,52.0,0.0,194.0,18.0,49.0,0.0,2.0,4.0
2019-02-12,101.0,0.0,224.0,1.0,241.0,0.0,135.0,1.0,8.0,0.0
2019-02-13,194.0,4.0,320.0,3.0,318.0,2.0,135.0,0.0,2.0,2.0
2019-02-14,246.0,21.0,155.0,2.0,356.0,1.0,318.0,1.0,11.0,1.0
2019-02-15,103.0,10.0,71.0,0.0,359.0,15.0,215.0,2.0,3.0,2.0
2019-02-16,51.0,12.0,125.0,0.0,160.0,8.0,111.0,0.0,1.0,0.0
2019-02-17,54.0,2.0,267.0,1.0,50.0,3.0,35.0,0.0,5.0,0.0
2019-02-18,150.0,2.0,345.0,2.0,98.0,0.0,17.0,0.0,2.0,0.0
2019-02-19,267.0,11.0,193.0,1.0,294.0,3.0,185.0,0.0,0.0,0.0
2019-02-20,128.0,15.0,87.0,1.0,93.0,4.0,207.0,1.0,1.0,3.0
2019-02-21,79.0,5.0,95.0,0.0,78.0,8.0,143.0,2.0,6.0,3.0
2019-02-22,120.0,6.0,222.0,1.0,48.0,0.0,110.0,0.0,9.0,2.0
2019-02-23,216.0,1.0,478.0,8.0,100.0,0.0,232.0,0.0,12.0,0.0
2019-02-24,417.0,14.0,434.0,6.0,177.0,0.0,271.0,0.0,34.0,0.0
2019-02-25,210.0,22.0,158.0,3.0,309.0,6.0,361.0,3.0,21.0,3.0
2019-02-26,63.0,7.0,88.0,2.0,313.0,18.0,335.0,2.0,2.0,1.0
2019-02-27,47.0,6.0,126.0,5.0,161.0,12.0,193.0,1.0,0.0,0.0
2019-02-28,109.0,2.0,248.0,0.0,127.0,0.0,306.0,0.0,3.0,0.0
2019-03-01,170.0,7.0,550.0,5.0,135.0,0.0,207.0,0.0,6.0,0.0
2019-03-02,228.0,18.0,296.0,5.0,216.0,8.0,566.0,1.0,9.0,1.0
2019-03-03,90.0,13.0,143.0,3.0,174.0,17.0,426.0,1.0,5.0,1.0
2019-03-04,72.0,2.0,234.0,0.0,121.0,12.0,236.0,6.0,0.0,0.0
2019-03-05,157.0,1.0,296.0,0.0,125.0,1.0,305.0,12.0,3.0,2.0
2019-03-06,469.0,12.0,260.0,7.0,220.0,1.0,427.0,3.0,8.0,0.0
2019-03-07,508.0,38.0,95.0,3.0,473.0,7.0,833.0,11.0,13.0,0.0
2019-03-08,185.0,50.0,12.0,0.0,268.0,4.0,459.0,12.0,13.0,8.0
2019-03-09,220.0,19.0,247.0,3.0,170.0,22.0,717.0,12.0,7.0,5.0
2019-03-10,192.0,10.0,468.0,1.0,59.0,6.0,698.0,4.0,9.0,0.0
2019-03-11,434.0,19.0,897.0,17.0,277.0,6.0,789.0,4.0,1.0,0.0
2019-03-12,801.0,105.0,1015.0,23.0,490.0,0.0,1243.0,21.0,25.0,0.0
2019-03-13,560.0,135.0,592.0,18.0,332.0,7.0,1312.0,35.0,15.0,3.0
2019-03-14,185.0,22.0,423.0,11.0,126.0,11.0,923.0,14.0,3.0,9.0
2019-03-15,89.0,2.0,606.0,6.0,79.0,5.0,400.0,0.0,14.0,2.0
2019-03-16,109.0,1.0,835.0,13.0,126.0,1.0,608.0,6.0,18.0,0.0
2019-03-17,243.0,9.0,1264.0,19.0,182.0,1.0,982.0,0.0,69.0,2.0
2019-03-18,197.0,15.0,613.0,15.0,326.0,12.0,916.0,5.0,41.0,13.0
2019-03-19,82.0,20.0,370.0,4.0,248.0,29.0,881.0,11.0,32.0,12.0
2019-03-20,44.0,7.0,501.0,4.0,123.0,17.0,471.0,10.0,11.0,0.0
2019-03-21,168.0,0.0,935.0,3.0,55.0,2.0,758.0,6.0,13.0,0.0
2019-03-22,354.0,17.0,2002.0,37.0,139.0,0.0,1060.0,11.0,8.0,2.0
2019-03-23,431.0,57.0,1486.0,39.0,187.0,0.0,1696.0,35.0,17.0,2.0
2019-03-24,160.0,28.0,687.0,18.0,27.0,0.0,1050.0,5.0,16.0,4.0
2019-03-25,63.0,3.0,921.0,5.0,4.0,4.0,767.0,3.0,2.0,2.0
2019-03-26,61.0,0.0,1227.0,10.0,72.0,12.0,825.0,2.0,0.0,0.0
2019-03-27,74.0,0.0,1513.0,14.0,136.0,7.0,372.0,0.0,2.0,0.0
2019-03-28,170.0,18.0,1173.0,32.0,95.0,1.0,831.0,2.0,6.0,1.0
2019-03-29,182.0,27.0,1155.0,14.0,158.0,2.0,1090.0,22.0,5.0,1.0
2019-03-30,40.0,18.0,702.0,4.0,133.0,0.0,122.0,9.0,0.0,1.0
2019-03-31,140.0,2.0,966.0,2.0,11.0,0.0,1267.0,0.0,0.0,0.0
2019-04-01,229.0,11.0,1176.0,13.0,10.0,0.0,711.0,4.0,0.0,0.0
2019-04-02,277.0,25.0,1531.0,13.0,37.0,0.0,1094.0,4.0,0.0,0.0
2019-04-03,130.0,27.0,674.0,13.0,54.0,0.0,825.0,2.0,1.0,0.0
2019-04-04,57.0,5.0,550.0,8.0,9.0,0.0,234.0,1.0,5.0,0.0
2019-04-05,40.0,1.0,878.0,2.0,13.0,0.0,242.0,0.0,0.0,0.0
2019-04-06,48.0,0.0,1332.0,1.0,20.0,1.0,314.0,0.0,2.0,0.0
2019-04-07,86.0,10.0,998.0,11.0,63.0,0.0,520.0,1.0,11.0,0.0
2019-04-08,188.0,31.0,721.0,6.0,55.0,0.0,761.0,4.0,9.0,0.0
2019-04-09,93.0,25.0,494.0,9.0,48.0,2.0,1151.0,18.0,4.0,0.0
2019-04-10,89.0,12.0,698.0,7.0,45.0,5.0,1104.0,16.0,0.0,0.0
2019-04-11,99.0,5.0,765.0,10.0,29.0,1.0,1617.0,3.0,0.0,0.0
2019-04-12,124.0,17.0,1380.0,16.0,57.0,0.0,1603.0,15.0,1.0,0.0
2019-04-13,199.0,57.0,1767.0,27.0,37.0,0.0,1075.0,14.0,15.0,0.0
2019-04-14,166.0,65.0,329.0,16.0,57.0,0.0,701.0,21.0,1.0,1.0
2019-04-15,69.0,11.0,477.0,0.0,22.0,0.0,418.0,4.0,9.0,1.0
2019-04-16,98.0,11.0,437.0,1.0,22.0,0.0,376.0,3.0,2.0,2.0
2019-04-17,129.0,2.0,522.0,7.0,20.0,0.0,358.0,4.0,0.0,1.0
2019-04-18,228.0,25.0,1123.0,32.0,44.0,0.0,639.0,30.0,13.0,0.0
2019-04-19,172.0,75.0,553.0,8.0,127.0,0.0,985.0,42.0,11.0,5.0
2019-04-20,109.0,37.0,446.0,9.0,81.0,0.0,788.0,91.0,12.0,0.0
2019-04-21,88.0,0.0,305.0,2.0,37.0,0.0,456.0,3.0,0.0,1.0
2019-04-22,50.0,0.0,243.0,13.0,39.0,0.0,191.0,0.0,4.0,0.0
2019-04-23,95.0,3.0,538.0,16.0,50.0,0.0,55.0,1.0,0.0,0.0
2019-04-24,150.0,10.0,429.0,19.0,87.0,4.0,204.0,13.0,4.0,0.0
2019-04-25,52.0,9.0,229.0,8.0,35.0,0.0,352.0,10.0,1.0,1.0
2019-04-26,47.0,2.0,211.0,7.0,53.0,1.0,262.0,4.0,2.0,0.0
2019-04-27,46.0,2.0,331.0,13.0,68.0,3.0,108.0,1.0,0.0,0.0
2019-04-28,106.0,11.0,387.0,13.0,28.0,0.0,73.0,0.0,0.0,0.0
2019-04-29,212.0,37.0,304.0,42.0,226.0,1.0,114.0,4.0,4.0,0.0
2019-04-30,138.0,34.0,168.0,12.0,85.0,0.0,90.0,4.0,2.0,0.0
2019-05-01,180.0,5.0,79.0,0.0,77.0,4.0,59.0,2.0,3.0,2.0
2019-05-02,75.0,6.0,63.0,1.0,69.0,4.0,59.0,3.0,0.0,1.0
2019-05-03,117.0,0.0,84.0,2.0,50.0,1.0,55.0,0.0,3.0,0.0
2019-05-04,100.0,3.0,28.0,1.0,43.0,0.0,22.0,0.0,6.0,0.0
2019-05-05,30.0,14.0,27.0,1.0,0.0,0.0,43.0,2.0,16.0,1.0
2019-05-06,13.0,0.0,24.0,1.0,38.0,5.0,30.0,6.0,12.0,3.0
2019-05-07,11.0,,51.0,,2.0,,20.0,,2.0,
2019-05-08,,0.0,,5.0,,0.0,,2.0,,0.0
2019-05-09,14.0,0.0,331.0,20.0,0.0,0.0,43.0,0.0,3.0,0.0
2019-05-10,29.0,5.0,242.0,18.0,3.0,0.0,65.0,5.0,8.0,0.0
2019-05-11,21.0,1.0,80.0,6.0,0.0,0.0,32.0,2.0,2.0,0.0
2019-05-12,7.0,0.0,36.0,0.0,0.0,0.0,42.0,0.0,0.0,1.0
2019-05-13,4.0,0.0,21.0,0.0,0.0,0.0,18.0,0.0,0.0,3.0
2019-05-14,3.0,0.0,33.0,2.0,1.0,0.0,5.0,0.0,2.0,0.0
2019-05-15,13.0,0.0,68.0,4.0,0.0,0.0,20.0,5.0,3.0,0.0
2019-05-16,11.0,1.0,31.0,2.0,18.0,0.0,36.0,3.0,1.0,0.0
2019-05-17,10.0,1.0,16.0,0.0,8.0,1.0,47.0,1.0,0.0,0.0
2019-05-18,17.0,0.0,41.0,8.0,9.0,2.0,60.0,1.0,0.0,3.0
2019-05-19,20.0,1.0,75.0,4.0,23.0,0.0,136.0,10.0,1.0,0.0
2019-05-20,74.0,3.0,199.0,10.0,22.0,0.0,152.0,1.0,1.0,0.0
2019-05-21,11.0,0.0,79.0,5.0,22.0,0.0,17.0,2.0,3.0,0.0
2019-05-22,0.0,0.0,30.0,0.0,14.0,0.0,3.0,0.0,0.0,0.0
2019-05-23,1.0,0.0,11.0,0.0,4.0,0.0,3.0,0.0,0.0,0.0
2019-05-24,1.0,0.0,8.0,0.0,2.0,0.0,4.0,0.0,1.0,0.0
2019-05-25,15.0,0.0,7.0,0.0,4.0,0.0,7.0,0.0,3.0,0.0
2019-05-26,10.0,,5.0,,12.0,,18.0,,10.0,
2019-05-27,5.0,0.0,12.0,3.0,6.0,0.0,11.0,0.0,7.0,3.0
2019-05-28,0.0,0.0,12.0,0.0,2.0,0.0,2.0,0.0,7.0,1.0
2019-05-29,0.0,0.0,9.0,0.0,0.0,0.0,1.0,0.0,1.0,0.0
2019-05-30,0.0,0.0,17.0,1.0,0.0,0.0,0.0,0.0,0.0,0.0
2019-05-31,3.0,0.0,16.0,1.0,2.0,0.0,0.0,0.0,3.0,0.0
2019-06-01,0.0,0.0,4.0,0.0,6.0,0.0,0.0,0.0,5.0,0.0
2019-06-02,1.0,0.0,4.0,0.0,3.0,0.0,3.0,0.0,0.0,1.0
2019-06-03,1.0,0.0,2.0,0.0,0.0,0.0,0.0,0.0,0.0,0.0
2019-06-04,4.0,0.0,0.0,0.0,3.0,0.0,0.0,0.0,0.0,1.0
2019-06-05,1.0,,2.0,,8.0,,1.0,,2.0,
2019-06-06,5.0,0.0,0.0,0.0,1.0,0.0,0.0,0.0,0.0,0.0
2019-06-07,2.0,0.0,0.0,0.0,2.0,1.0,11.0,0.0,0.0,0.0
2019-06-08,0.0,0.0,0.0,0.0,2.0,0.0,0.0,0.0,0.0,0.0
2019-06-09,1.0,0.0,1.0,0.0,0.0,0.0,0.0,0.0,0.0,0.0
2019-06-10,1.0,0.0,4.0,0.0,0.0,0.0,1.0,0.0,5.0,4.0
2019-06-11,1.0,0.0,0.0,0.0,4.0,0.0,1.0,0.0,0.0,0.0
2019-06-12,4.0,0.0,0.0,0.0,7.0,0.0,4.0,0.0,0.0,0.0
2019-06-13,0.0,0.0,0.0,0.0,6.0,0.0,0.0,0.0,0.0,0.0
2019-06-14,0.0,0.0,0.0,0.0,0.0,0.0,0.0,0.0,0.0,2.0
2019-06-15,1.0,0.0,0.0,0.0,14.0,0.0,0.0,0.0,0.0,2.0
2019-06-16,1.0,,0.0,,2.0,,0.0,,2.0,
2019-06-17,0.0,,0.0,,4.0,,0.0,,0.0,
2019-06-18,0.0,0.0,0.0,0.0,0.0,0.0,0.0,0.0,0.0,0.0
2019-06-19,0.0,0.0,0.0,0.0,2.0,0.0,0.0,0.0,0.0,0.0
2019-06-20,0.0,0.0,0.0,0.0,6.0,0.0,0.0,0.0,3.0,0.0
2019-06-21,5.0,0.0,0.0,0.0,12.0,0.0,1.0,0.0,0.0,0.0
2019-06-22,12.0,0.0,1.0,0.0,13.0,0.0,9.0,0.0,0.0,0.0
2019-06-23,0.0,0.0,0.0,0.0,17.0,0.0,0.0,0.0,0.0,0.0
2019-06-24,0.0,0.0,0.0,0.0,1.0,0.0,0.0,0.0,0.0,0.0
2019-06-25,0.0,,0.0,,0.0,,0.0,,0.0,
2019-06-26,1.0,0.0,0.0,0.0,10.0,0.0,0.0,0.0,0.0,0.0
2019-06-27,2.0,0.0,0.0,0.0,15.0,0.0,2.0,0.0,2.0,0.0
2019-06-28,0.0,0.0,1.0,0.0,4.0,0.0,3.0,0.0,1.0,0.0
2019-06-29,0.0,0.0,0.0,0.0,2.0,0.0,0.0,0.0,4.0,1.0
2019-06-30,3.0,0.0,0.0,0.0,0.0,0.0,1.0,0.0,0.0,0.0
2019-07-01,3.0,0.0,0.0,0.0,0.0,0.0,0.0,0.0,2.0,0.0
2019-07-02,1.0,0.0,0.0,0.0,0.0,0.0,0.0,0.0,8.0,0.0
2019-07-03,0.0,0.0,1.0,0.0,0.0,0.0,0.0,0.0,0.0,0.0
2019-07-04,0.0,0.0,0.0,0.0,0.0,0.0,0.0,0.0,2.0,0.0
2019-07-05,0.0,0.0,0.0,0.0,1.0,0.0,0.0,0.0,0.0,0.0
2019-07-06,4.0,0.0,0.0,0.0,0.0,0.0,0.0,0.0,2.0,0.0
2019-07-07,1.0,0.0,0.0,0.0,1.0,0.0,0.0,0.0,1.0,0.0
2019-07-08,1.0,0.0,0.0,0.0,4.0,0.0,0.0,0.0,6.0,0.0
2019-07-09,1.0,0.0,0.0,0.0,16.0,0.0,0.0,0.0,2.0,0.0
2019-07-10,0.0,0.0,0.0,0.0,6.0,0.0,0.0,0.0,0.0,0.0
2019-07-11,0.0,0.0,0.0,0.0,6.0,0.0,0.0,0.0,2.0,0.0
2019-07-12,2.0,0.0,0.0,0.0,29.0,0.0,0.0,0.0,7.0,0.0
2019-07-13,6.0,0.0,1.0,0.0,32.0,0.0,0.0,0.0,7.0,0.0
2019-07-14,0.0,0.0,0.0,0.0,16.0,1.0,0.0,0.0,2.0,0.0
2019-07-15,1.0,0.0,0.0,0.0,20.0,1.0,1.0,0.0,0.0,0.0
2019-07-16,0.0,0.0,0.0,0.0,20.0,0.0,3.0,0.0,0.0,0.0
2019-07-17,3.0,0.0,1.0,0.0,8.0,0.0,0.0,0.0,1.0,0.0
2019-07-18,8.0,0.0,1.0,0.0,16.0,0.0,0.0,0.0,2.0,0.0
2019-07-19,8.0,0.0,2.0,0.0,19.0,0.0,2.0,0.0,7.0,0.0
2019-07-20,2.0,0.0,0.0,0.0,3.0,0.0,2.0,0.0,2.0,1.0
2019-07-21,0.0,0.0,0.0,0.0,0.0,0.0,0.0,0.0,2.0,0.0
2019-07-22,1.0,0.0,0.0,0.0,1.0,0.0,0.0,0.0,0.0,0.0
2019-07-23,1.0,0.0,0.0,0.0,7.0,0.0,0.0,0.0,8.0,0.0
2019-07-24,4.0,0.0,0.0,0.0,9.0,0.0,0.0,0.0,3.0,0.0
2019-07-25,0.0,0.0,0.0,0.0,0.0,0.0,0.0,0.0,0.0,0.0
2019-07-26,0.0,0.0,0.0,0.0,3.0,0.0,0.0,0.0,0.0,0.0
2019-07-27,0.0,0.0,0.0,0.0,0.0,0.0,0.0,0.0,0.0,0.0
2019-07-28,2.0,0.0,0.0,0.0,2.0,0.0,0.0,0.0,9.0,0.0
2019-07-29,5.0,0.0,0.0,0.0,0.0,0.0,1.0,0.0,17.0,0.0
2019-07-30,2.0,0.0,0.0,0.0,16.0,0.0,0.0,0.0,7.0,4.0
2019-07-31,0.0,0.0,0.0,0.0,0.0,0.0,0.0,0.0,2.0,11.0
2019-08-01,0.0,0.0,0.0,0.0,0.0,0.0,0.0,0.0,9.0,2.0
2019-08-02,0.0,0.0,0.0,0.0,0.0,0.0,0.0,0.0,4.0,0.0
2019-08-03,1.0,0.0,0.0,0.0,0.0,0.0,0.0,0.0,8.0,0.0
2019-08-04,1.0,3.0,0.0,0.0,0.0,0.0,0.0,0.0,12.0,0.0
2019-08-05,0.0,0.0,0.0,0.0,0.0,0.0,0.0,0.0,3.0,6.0
2019-08-06,5.0,0.0,0.0,0.0,0.0,0.0,0.0,0.0,0.0,0.0
2019-08-07,0.0,0.0,0.0,0.0,0.0,0.0,0.0,0.0,1.0,0.0
2019-08-08,3.0,0.0,0.0,0.0,0.0,0.0,0.0,0.0,12.0,0.0
2019-08-09,0.0,0.0,0.0,0.0,2.0,0.0,0.0,0.0,0.0,0.0
2019-08-10,2.0,0.0,0.0,0.0,0.0,0.0,0.0,0.0,0.0,0.0
2019-08-11,0.0,0.0,0.0,0.0,0.0,0.0,0.0,0.0,0.0,0.0
2019-08-12,0.0,0.0,0.0,0.0,0.0,0.0,0.0,0.0,1.0,2.0
2019-08-13,0.0,0.0,0.0,0.0,0.0,0.0,0.0,0.0,6.0,0.0
2019-08-14,0.0,0.0,0.0,0.0,1.0,0.0,0.0,0.0,3.0,0.0
2019-08-15,1.0,0.0,0.0,0.0,1.0,0.0,0.0,0.0,0.0,0.0
2019-08-16,0.0,0.0,0.0,0.0,0.0,0.0,0.0,0.0,0.0,0.0
2019-08-17,0.0,0.0,1.0,0.0,0.0,0.0,0.0,0.0,0.0,0.0
2019-08-18,2.0,0.0,0.0,0.0,14.0,0.0,0.0,0.0,1.0,0.0
2019-08-19,5.0,0.0,0.0,0.0,27.0,0.0,0.0,0.0,7.0,0.0
2019-08-20,3.0,0.0,0.0,0.0,0.0,0.0,0.0,0.0,12.0,1.0
2019-08-21,0.0,0.0,0.0,0.0,19.0,0.0,0.0,0.0,2.0,1.0
2019-08-22,1.0,0.0,0.0,0.0,0.0,0.0,0.0,0.0,0.0,0.0
2019-08-23,0.0,0.0,0.0,0.0,0.0,0.0,0.0,0.0,0.0,0.0
2019-08-24,0.0,0.0,0.0,0.0,0.0,0.0,0.0,0.0,5.0,0.0
2019-08-25,4.0,0.0,1.0,0.0,4.0,0.0,0.0,0.0,0.0,0.0
2019-08-26,0.0,0.0,1.0,0.0,0.0,0.0,0.0,0.0,0.0,0.0
2019-08-27,0.0,0.0,0.0,0.0,0.0,1.0,0.0,0.0,0.0,0.0
2019-08-28,1.0,0.0,0.0,0.0,1.0,0.0,0.0,0.0,0.0,0.0
2019-08-29,0.0,0.0,1.0,0.0,0.0,0.0,0.0,0.0,1.0,0.0
2019-08-30,0.0,0.0,0.0,0.0,0.0,0.0,0.0,0.0,4.0,3.0
2019-08-31,0.0,0.0,1.0,0.0,0.0,0.0,0.0,0.0,0.0,0.0
2019-09-01,0.0,0.0,0.0,0.0,0.0,0.0,0.0,0.0,0.0,2.0
2019-09-02,0.0,0.0,0.0,0.0,0.0,0.0,0.0,0.0,3.0,0.0
2019-09-03,0.0,0.0,0.0,0.0,0.0,0.0,0.0,0.0,1.0,0.0
2019-09-04,0.0,0.0,0.0,0.0,0.0,0.0,0.0,0.0,3.0,0.0
2019-09-05,0.0,0.0,0.0,0.0,0.0,0.0,0.0,0.0,1.0,2.0
2019-09-06,4.0,0.0,0.0,0.0,0.0,0.0,0.0,0.0,5.0,2.0
2019-09-07,1.0,0.0,0.0,0.0,0.0,0.0,0.0,0.0,3.0,1.0
2019-09-08,3.0,0.0,0.0,0.0,0.0,0.0,1.0,0.0,3.0,5.0
2019-09-09,3.0,0.0,0.0,0.0,2.0,0.0,0.0,0.0,4.0,6.0
2019-09-10,1.0,0.0,0.0,0.0,0.0,0.0,0.0,0.0,3.0,2.0
2019-09-11,0.0,0.0,0.0,0.0,0.0,0.0,0.0,0.0,1.0,4.0
2019-09-12,0.0,0.0,0.0,0.0,5.0,0.0,0.0,0.0,3.0,1.0
2019-09-13,0.0,0.0,0.0,0.0,0.0,0.0,0.0,0.0,1.0,1.0
2019-09-14,2.0,0.0,0.0,0.0,0.0,0.0,1.0,0.0,1.0,0.0
2019-09-15,19.0,0.0,1.0,0.0,0.0,0.0,1.0,0.0,0.0,0.0
2019-09-16,9.0,0.0,1.0,0.0,0.0,0.0,3.0,0.0,3.0,3.0
2019-09-17,2.0,0.0,0.0,0.0,0.0,0.0,4.0,0.0,0.0,1.0
2019-09-18,2.0,0.0,1.0,0.0,0.0,0.0,0.0,0.0,0.0,1.0
2019-09-19,1.0,0.0,1.0,0.0,0.0,0.0,0.0,0.0,0.0,0.0
2019-09-20,4.0,0.0,1.0,0.0,0.0,0.0,0.0,0.0,3.0,1.0
2019-09-21,0.0,1.0,1.0,0.0,0.0,0.0,0.0,0.0,6.0,5.0
2019-09-22,0.0,0.0,0.0,0.0,0.0,0.0,0.0,0.0,2.0,2.0
2019-09-23,0.0,0.0,0.0,0.0,0.0,0.0,0.0,0.0,0.0,2.0
2019-09-24,0.0,0.0,0.0,0.0,0.0,0.0,0.0,0.0,1.0,4.0
2019-09-25,8.0,0.0,1.0,0.0,0.0,0.0,0.0,0.0,0.0,0.0
2019-09-26,27.0,0.0,1.0,0.0,0.0,0.0,1.0,0.0,0.0,0.0
2019-09-27,7.0,0.0,0.0,0.0,1.0,0.0,2.0,0.0,1.0,1.0
2019-09-28,0.0,0.0,1.0,0.0,0.0,0.0,0.0,0.0,0.0,2.0
2019-09-29,2.0,0.0,0.0,0.0,0.0,0.0,2.0,0.0,0.0,1.0
2019-09-30,16.0,0.0,5.0,0.0,0.0,0.0,0.0,0.0,0.0,0.0
2019-10-01,47.0,0.0,1.0,0.0,0.0,0.0,3.0,0.0,2.0,0.0
2019-10-02,11.0,0.0,0.0,0.0,5.0,0.0,4.0,0.0,0.0,2.0
2019-10-03,0.0,0.0,0.0,0.0,0.0,0.0,0.0,0.0,0.0,0.0
2019-10-04,0.0,0.0,0.0,0.0,0.0,0.0,0.0,0.0,0.0,1.0
2019-10-05,0.0,0.0,4.0,0.0,0.0,0.0,0.0,0.0,1.0,0.0
2019-10-06,14.0,0.0,0.0,0.0,0.0,0.0,0.0,0.0,0.0,8.0
2019-10-07,11.0,0.0,1.0,0.0,2.0,0.0,4.0,0.0,0.0,1.0
2019-10-08,0.0,0.0,1.0,0.0,0.0,0.0,1.0,0.0,0.0,0.0
2019-10-09,0.0,0.0,0.0,0.0,0.0,0.0,0.0,0.0,0.0,1.0
2019-10-10,2.0,0.0,0.0,0.0,0.0,0.0,0.0,0.0,0.0,0.0
2019-10-11,8.0,0.0,3.0,0.0,0.0,0.0,0.0,0.0,1.0,0.0
2019-10-12,10.0,0.0,1.0,0.0,1.0,0.0,0.0,0.0,3.0,0.0
2019-10-13,4.0,0.0,0.0,0.0,0.0,0.0,0.0,0.0,0.0,1.0
2019-10-14,1.0,0.0,0.0,0.0,0.0,0.0,0.0,0.0,0.0,2.0
2019-10-15,1.0,0.0,0.0,0.0,0.0,0.0,0.0,0.0,0.0,0.0
2019-10-16,3.0,0.0,5.0,0.0,0.0,0.0,1.0,0.0,1.0,0.0
2019-10-17,8.0,0.0,4.0,0.0,1.0,0.0,0.0,0.0,2.0,0.0
2019-10-18,4.0,1.0,2.0,0.0,3.0,0.0,4.0,0.0,0.0,0.0
2019-10-19,2.0,0.0,0.0,0.0,3.0,0.0,3.0,0.0,0.0,0.0
2019-10-20,0.0,0.0,3.0,0.0,1.0,0.0,2.0,0.0,0.0,0.0
2019-10-21,3.0,0.0,12.0,0.0,0.0,0.0,0.0,0.0,1.0,0.0
2019-10-22,24.0,0.0,8.0,0.0,1.0,0.0,1.0,0.0,0.0,0.0
2019-10-23,8.0,0.0,6.0,0.0,4.0,0.0,6.0,0.0,0.0,0.0
2019-10-24,3.0,0.0,0.0,0.0,0.0,0.0,3.0,0.0,0.0,0.0
2019-10-25,0.0,0.0,4.0,0.0,3.0,0.0,1.0,0.0,0.0,1.0
2019-10-26,1.0,0.0,21.0,0.0,0.0,0.0,0.0,0.0,0.0,1.0
2019-10-27,10.0,0.0,16.0,0.0,2.0,0.0,2.0,0.0,0.0,0.0
2019-10-28,12.0,0.0,16.0,0.0,4.0,0.0,3.0,0.0,0.0,0.0
2019-10-29,4.0,0.0,3.0,0.0,1.0,0.0,3.0,0.0,1.0,0.0
2019-10-30,0.0,0.0,4.0,0.0,0.0,0.0,5.0,0.0,0.0,0.0
2019-10-31,1.0,0.0,10.0,0.0,0.0,0.0,2.0,0.0,0.0,0.0
2019-11-01,0.0,0.0,55.0,0.0,0.0,0.0,0.0,0.0,0.0,0.0
2019-11-02,4.0,0.0,11.0,0.0,0.0,0.0,0.0,0.0,1.0,0.0
2019-11-03,2.0,0.0,11.0,0.0,0.0,0.0,0.0,0.0,0.0,1.0
2019-11-04,0.0,0.0,1.0,0.0,0.0,0.0,0.0,0.0,0.0,0.0
2019-11-05,0.0,,0.0,,0.0,,0.0,,0.0,
2019-11-06,4.0,0.0,13.0,0.0,0.0,0.0,1.0,0.0,0.0,0.0
2019-11-07,14.0,0.0,5.0,0.0,0.0,0.0,0.0,0.0,1.0,0.0
2019-11-08,10.0,0.0,2.0,0.0,3.0,0.0,3.0,0.0,0.0,0.0
2019-11-09,2.0,0.0,0.0,0.0,2.0,0.0,0.0,0.0,0.0,0.0
2019-11-10,1.0,0.0,2.0,0.0,0.0,0.0,0.0,1.0,0.0,0.0
2019-11-11,1.0,0.0,13.0,0.0,0.0,0.0,0.0,0.0,0.0,0.0
2019-11-12,36.0,0.0,33.0,0.0,0.0,0.0,1.0,0.0,0.0,0.0
2019-11-13,8.0,0.0,15.0,0.0,0.0,0.0,1.0,0.0,1.0,0.0
2019-11-14,2.0,0.0,0.0,0.0,1.0,2.0,5.0,0.0,0.0,1.0
2019-11-15,0.0,0.0,2.0,0.0,4.0,1.0,0.0,0.0,0.0,0.0
2019-11-16,2.0,0.0,14.0,0.0,0.0,0.0,1.0,0.0,0.0,0.0
2019-11-17,33.0,0.0,33.0,0.0,0.0,0.0,2.0,0.0,0.0,0.0
2019-11-18,31.0,0.0,21.0,0.0,7.0,0.0,13.0,0.0,3.0,0.0
2019-11-19,18.0,0.0,5.0,0.0,10.0,0.0,7.0,0.0,1.0,0.0
2019-11-20,5.0,0.0,2.0,0.0,0.0,0.0,5.0,1.0,0.0,0.0
2019-11-21,7.0,0.0,12.0,0.0,1.0,0.0,3.0,0.0,0.0,0.0
2019-11-22,18.0,0.0,37.0,0.0,0.0,0.0,2.0,0.0,0.0,2.0
2019-11-23,63.0,0.0,20.0,0.0,4.0,0.0,13.0,0.0,0.0,0.0
2019-11-24,45.0,0.0,7.0,0.0,10.0,0.0,15.0,0.0,1.0,0.0
2019-11-25,28.0,0.0,1.0,0.0,13.0,0.0,10.0,0.0,0.0,0.0
2019-11-26,12.0,0.0,7.0,0.0,10.0,1.0,4.0,0.0,0.0,0.0
2019-11-27,11.0,0.0,29.0,0.0,0.0,0.0,3.0,0.0,0.0,0.0
2019-11-28,73.0,1.0,54.0,0.0,1.0,0.0,6.0,0.0,0.0,0.0
2019-11-29,101.0,1.0,13.0,0.0,11.0,0.0,9.0,0.0,0.0,0.0
2019-11-30,48.0,1.0,5.0,0.0,14.0,0.0,9.0,0.0,0.0,0.0
2019-12-01,3.0,0.0,6.0,0.0,0.0,0.0,0.0,0.0,0.0,0.0
2019-12-02,13.0,2.0,15.0,0.0,1.0,0.0,0.0,0.0,0.0,0.0
2019-12-03,61.0,0.0,36.0,0.0,4.0,0.0,3.0,0.0,0.0,0.0
2019-12-04,152.0,0.0,23.0,0.0,41.0,0.0,14.0,0.0,0.0,0.0
2019-12-05,129.0,2.0,9.0,0.0,47.0,1.0,29.0,1.0,1.0,0.0
2019-12-06,41.0,0.0,5.0,0.0,31.0,1.0,24.0,0.0,0.0,0.0
2019-12-07,25.0,2.0,16.0,0.0,22.0,0.0,10.0,0.0,0.0,0.0
2019-12-08,89.0,0.0,63.0,0.0,29.0,3.0,6.0,0.0,0.0,0.0
2019-12-09,169.0,2.0,46.0,0.0,63.0,0.0,17.0,0.0,3.0,0.0
2019-12-10,89.0,0.0,4.0,0.0,72.0,0.0,31.0,1.0,0.0,0.0
2019-12-11,40.0,2.0,6.0,0.0,48.0,0.0,9.0,0.0,0.0,2.0
2019-12-12,23.0,0.0,15.0,0.0,11.0,0.0,6.0,0.0,0.0,1.0
2019-12-13,53.0,0.0,42.0,0.0,10.0,0.0,3.0,0.0,0.0,0.0
2019-12-14,141.0,0.0,61.0,0.0,103.0,0.0,14.0,0.0,0.0,0.0
2019-12-15,135.0,2.0,19.0,0.0,187.0,0.0,29.0,0.0,0.0,0.0
2019-12-16,61.0,1.0,3.0,4.0,116.0,0.0,16.0,0.0,0.0,0.0
2019-12-17,21.0,1.0,14.0,0.0,46.0,3.0,12.0,0.0,0.0,0.0
2019-12-18,28.0,0.0,47.0,0.0,16.0,0.0,7.0,0.0,0.0,0.0
2019-12-19,62.0,0.0,53.0,0.0,16.0,0.0,7.0,0.0,0.0,0.0
2019-12-20,127.0,1.0,28.0,1.0,239.0,1.0,21.0,0.0,2.0,2.0
2019-12-21,87.0,5.0,21.0,0.0,353.0,0.0,23.0,0.0,0.0,0.0
2019-12-22,22.0,2.0,10.0,0.0,144.0,1.0,15.0,0.0,0.0,3.0
2019-12-23,46.0,0.0,33.0,0.0,51.0,1.0,8.0,0.0,1.0,3.0
2019-12-24,112.0,,74.0,,105.0,,15.0,,0.0,
2019-12-25,197.0,2.0,56.0,0.0,260.0,0.0,36.0,1.0,3.0,0.0
2019-12-26,76.0,5.0,12.0,0.0,136.0,0.0,17.0,0.0,1.0,1.0
2019-12-27,66.0,1.0,6.0,0.0,320.0,3.0,15.0,0.0,1.0,2.0
2019-12-28,35.0,0.0,26.0,0.0,274.0,2.0,18.0,0.0,0.0,1.0
2019-12-29,66.0,0.0,56.0,0.0,226.0,0.0,12.0,0.0,1.0,3.0
2019-12-30,202.0,0.0,66.0,0.0,161.0,0.0,11.0,0.0,3.0,1.0
2019-12-31,145.0,4.0,46.0,0.0,620.0,5.0,34.0,0.0,2.0,0.0
2020-01-01,35.0,4.0,11.0,0.0,693.0,10.0,31.0,0.0,2.0,0.0
2020-01-02,24.0,0.0,14.0,0.0,201.0,3.0,14.0,0.0,0.0,0.0
2020-01-03,52.0,1.0,29.0,0.0,91.0,0.0,3.0,0.0,0.0,0.0
2020-01-04,110.0,3.0,55.0,0.0,427.0,1.0,21.0,0.0,2.0,2.0
2020-01-05,27.0,6.0,1.0,0.0,836.0,1.0,20.0,0.0,4.0,2.0
2020-01-06,119.0,4.0,17.0,0.0,780.0,1.0,57.0,0.0,0.0,0.0
2020-01-07,49.0,4.0,10.0,0.0,248.0,0.0,21.0,0.0,0.0,0.0
2020-01-08,59.0,2.0,48.0,0.0,129.0,4.0,12.0,0.0,0.0,1.0
2020-01-09,106.0,1.0,76.0,0.0,272.0,2.0,19.0,1.0,0.0,0.0
2020-01-10,219.0,2.0,94.0,1.0,600.0,1.0,42.0,0.0,2.0,0.0
2020-01-11,156.0,7.0,31.0,0.0,378.0,0.0,79.0,4.0,0.0,0.0
2020-01-12,88.0,2.0,14.0,0.0,243.0,0.0,38.0,0.0,0.0,2.0
2020-01-13,63.0,1.0,40.0,0.0,386.0,4.0,20.0,0.0,0.0,2.0
2020-01-14,73.0,3.0,121.0,0.0,493.0,3.0,22.0,0.0,5.0,0.0
2020-01-15,132.0,3.0,138.0,1.0,521.0,5.0,39.0,0.0,11.0,0.0
2020-01-16,174.0,7.0,71.0,0.0,792.0,5.0,117.0,3.0,6.0,2.0
2020-01-17,99.0,10.0,25.0,0.0,654.0,6.0,83.0,0.0,2.0,4.0
2020-01-18,80.0,0.0,40.0,0.0,379.0,7.0,43.0,0.0,0.0,2.0
2020-01-19,70.0,1.0,58.0,0.0,251.0,4.0,16.0,0.0,0.0,0.0
2020-01-20,134.0,2.0,188.0,1.0,557.0,0.0,37.0,0.0,0.0,0.0
2020-01-21,221.0,5.0,162.0,0.0,689.0,1.0,92.0,0.0,0.0,2.0
2020-01-22,113.0,6.0,62.0,0.0,712.0,5.0,89.0,1.0,3.0,1.0
2020-01-23,52.0,2.0,49.0,0.0,346.0,3.0,66.0,1.0,2.0,2.0
2020-01-24,30.0,0.0,90.0,0.0,138.0,4.0,7.0,0.0,10.0,2.0
2020-01-25,191.0,0.0,327.0,3.0,174.0,4.0,38.0,0.0,2.0,2.0
2020-01-26,517.0,30.0,240.0,3.0,144.0,1.0,65.0,0.0,3.0,0.0
2020-01-27,287.0,32.0,97.0,0.0,387.0,0.0,28.0,0.0,4.0,1.0
2020-01-28,72.0,9.0,49.0,0.0,250.0,3.0,16.0,0.0,3.0,1.0
2020-01-29,53.0,0.0,87.0,0.0,82.0,3.0,14.0,0.0,0.0,2.0
2020-01-30,91.0,0.0,160.0,0.0,89.0,0.0,2.0,0.0,3.0,0.0
2020-01-31,232.0,8.0,222.0,5.0,211.0,0.0,41.0,0.0,3.0,4.0
2020-02-01,216.0,12.0,127.0,0.0,754.0,6.0,102.0,1.0,3.0,0.0
2020-02-02,128.0,3.0,57.0,0.0,678.0,10.0,90.0,4.0,3.0,2.0
2020-02-03,47.0,2.0,146.0,0.0,322.0,12.0,57.0,0.0,0.0,1.0
2020-02-04,79.0,1.0,218.0,1.0,161.0,1.0,44.0,0.0,2.0,2.0
2020-02-05,144.0,2.0,426.0,3.0,380.0,0.0,52.0,0.0,2.0,0.0
2020-02-06,216.0,,269.0,,495.0,,113.0,,5.0,
2020-02-07,153.0,10.0,112.0,1.0,608.0,5.0,168.0,0.0,5.0,3.0
2020-02-08,92.0,11.0,83.0,0.0,301.0,29.0,92.0,3.0,2.0,1.0
2020-02-09,62.0,0.0,195.0,0.0,244.0,6.0,59.0,1.0,0.0,0.0
2020-02-10,122.0,2.0,235.0,1.0,6.0,1.0,34.0,4.0,0.0,1.0
2020-02-11,227.0,7.0,341.0,9.0,134.0,3.0,128.0,2.0,5.0,0.0
2020-02-12,226.0,21.0,186.0,6.0,280.0,8.0,207.0,4.0,1.0,1.0
2020-02-13,81.0,13.0,131.0,1.0,176.0,13.0,157.0,10.0,0.0,1.0
2020-02-14,113.0,11.0,251.0,0.0,91.0,3.0,198.0,5.0,2.0,0.0
2020-02-15,228.0,5.0,298.0,0.0,153.0,0.0,230.0,7.0,1.0,0.0
2020-02-16,461.0,24.0,418.0,5.0,210.0,0.0,232.0,7.0,5.0,0.0
2020-02-17,390.0,53.0,187.0,7.0,241.0,5.0,184.0,6.0,1.0,0.0
2020-02-18,144.0,12.0,177.0,1.0,657.0,23.0,264.0,10.0,0.0,1.0
2020-02-19,82.0,4.0,237.0,6.0,330.0,28.0,138.0,5.0,0.0,0.0
2020-02-20,110.0,6.0,388.0,4.0,268.0,20.0,79.0,0.0,1.0,0.0
2020-02-21,333.0,36.0,555.0,22.0,399.0,0.0,101.0,2.0,1.0,0.0
2020-02-22,455.0,70.0,403.0,43.0,1028.0,36.0,270.0,2.0,6.0,2.0
2020-02-23,250.0,44.0,127.0,10.0,953.0,72.0,424.0,5.0,2.0,0.0
2020-02-24,125.0,19.0,100.0,0.0,358.0,59.0,177.0,18.0,0.0,3.0
2020-02-25,129.0,2.0,180.0,3.0,168.0,6.0,249.0,12.0,1.0,2.0
2020-02-26,195.0,5.0,396.0,0.0,108.0,8.0,209.0,1.0,3.0,1.0
2020-02-27,152.0,10.0,312.0,7.0,156.0,8.0,256.0,2.0,20.0,1.0
2020-02-28,175.0,22.0,159.0,9.0,505.0,15.0,387.0,8.0,6.0,1.0
2020-02-29,92.0,14.0,237.0,4.0,221.0,21.0,348.0,15.0,10.0,1.0
2020-03-01,84.0,6.0,414.0,0.0,56.0,14.0,256.0,2.0,4.0,0.0
2020-03-02,104.0,6.0,595.0,5.0,84.0,0.0,340.0,2.0,3.0,1.0
2020-03-03,158.0,1.0,646.0,11.0,106.0,2.0,345.0,1.0,10.0,0.0
2020-03-04,60.0,5.0,327.0,6.0,135.0,1.0,143.0,0.0,7.0,0.0
2020-03-05,36.0,2.0,262.0,5.0,126.0,3.0,109.0,0.0,0.0,0.0
2020-03-06,17.0,0.0,224.0,0.0,37.0,1.0,25.0,0.0,0.0,0.0
2020-03-07,59.0,0.0,421.0,7.0,27.0,2.0,79.0,3.0,0.0,1.0
2020-03-08,275.0,8.0,1090.0,33.0,133.0,2.0,254.0,7.0,13.0,4.0
2020-03-09,508.0,39.0,1064.0,36.0,300.0,4.0,782.0,25.0,11.0,5.0
2020-03-10,293.0,36.0,634.0,9.0,313.0,9.0,1143.0,24.0,5.0,2.0
2020-03-11,145.0,18.0,663.0,10.0,83.0,10.0,686.0,12.0,0.0,1.0
2020-03-12,179.0,6.0,848.0,9.0,95.0,11.0,1345.0,16.0,4.0,0.0
2020-03-13,284.0,11.0,1355.0,18.0,142.0,5.0,1522.0,11.0,2.0,0.0
2020-03-14,398.0,39.0,1484.0,37.0,157.0,1.0,1295.0,14.0,1.0,0.0
2020-03-15,72.0,1.0,571.0,12.0,398.0,8.0,715.0,7.0,7.0,2.0
2020-03-16,34.0,3.0,483.0,1.0,150.0,23.0,554.0,15.0,4.0,2.0
2020-03-17,74.0,0.0,1067.0,9.0,89.0,14.0,720.0,7.0,2.0,2.0
2020-03-18,137.0,3.0,1580.0,16.0,72.0,3.0,572.0,5.0,4.0,2.0
2020-03-19,213.0,1.0,1698.0,46.0,160.0,1.0,650.0,13.0,8.0,0.0
2020-03-20,130.0,31.0,886.0,14.0,145.0,2.0,530.0,15.0,6.0,1.0
2020-03-21,128.0,17.0,407.0,10.0,263.0,18.0,897.0,21.0,5.0,1.0
2020-03-22,64.0,2.0,621.0,14.0,52.0,9.0,596.0,8.0,0.0,0.0
2020-03-23,123.0,2.0,822.0,14.0,42.0,6.0,370.0,4.0,1.0,0.0
2020-03-24,265.0,15.0,1732.0,39.0,99.0,4.0,464.0,4.0,2.0,0.0
2020-03-25,321.0,68.0,1726.0,94.0,184.0,0.0,419.0,32.0,5.0,0.0
2020-03-26,202.0,,903.0,,72.0,,684.0,,3.0,
2020-03-27,107.0,22.0,1111.0,19.0,74.0,11.0,584.0,37.0,2.0,3.0
2020-03-28,160.0,11.0,1684.0,14.0,53.0,2.0,1293.0,11.0,4.0,0.0
2020-03-29,310.0,16.0,1660.0,44.0,100.0,1.0,1336.0,41.0,3.0,0.0
2020-03-30,587.0,73.0,2045.0,91.0,189.0,0.0,1693.0,140.0,8.0,0.0
2020-03-31,283.0,78.0,1149.0,49.0,154.0,5.0,3953.0,257.0,7.0,1.0
2020-04-01,175.0,47.0,949.0,33.0,69.0,11.0,2163.0,160.0,8.0,1.0
2020-04-02,193.0,14.0,1180.0,27.0,64.0,7.0,1073.0,40.0,0.0,0.0
2020-04-03,188.0,9.0,1311.0,41.0,104.0,2.0,739.0,36.0,1.0,1.0
2020-04-04,390.0,50.0,2078.0,97.0,126.0,2.0,834.0,18.0,1.0,0.0
2020-04-05,178.0,59.0,769.0,44.0,200.0,4.0,528.0,34.0,2.0,0.0
2020-04-06,74.0,18.0,721.0,11.0,24.0,7.0,289.0,27.0,0.0,0.0
2020-04-07,33.0,9.0,715.0,5.0,22.0,0.0,135.0,20.0,0.0,1.0
2020-04-08,70.0,7.0,591.0,8.0,10.0,0.0,128.0,8.0,0.0,0.0
2020-04-09,112.0,8.0,892.0,19.0,18.0,0.0,170.0,5.0,0.0,0.0
2020-04-10,107.0,46.0,527.0,57.0,7.0,0.0,192.0,7.0,5.0,0.0
2020-04-11,61.0,14.0,413.0,15.0,14.0,2.0,318.0,2.0,8.0,0.0
2020-04-12,36.0,0.0,257.0,8.0,19.0,0.0,242.0,0.0,4.0,1.0
2020-04-13,17.0,0.0,382.0,5.0,0.0,0.0,18.0,0.0,0.0,0.0
2020-04-14,26.0,1.0,489.0,16.0,5.0,0.0,53.0,0.0,2.0,0.0
2020-04-15,70.0,3.0,637.0,27.0,6.0,0.0,215.0,0.0,8.0,0.0
2020-04-16,53.0,5.0,221.0,8.0,26.0,0.0,775.0,1.0,24.0,0.0
2020-04-17,15.0,1.0,140.0,5.0,6.0,0.0,484.0,0.0,0.0,6.0
2020-04-18,13.0,0.0,309.0,5.0,13.0,0.0,156.0,0.0,0.0,1.0
2020-04-19,63.0,2.0,339.0,19.0,10.0,0.0,345.0,0.0,8.0,0.0
2020-04-20,108.0,14.0,424.0,47.0,46.0,0.0,835.0,7.0,33.0,0.0
2020-04-21,86.0,16.0,308.0,37.0,78.0,1.0,1560.0,34.0,7.0,0.0
2020-04-22,56.0,2.0,111.0,6.0,26.0,1.0,428.0,1.0,0.0,0.0
2020-04-23,14.0,0.0,143.0,7.0,25.0,1.0,63.0,0.0,0.0,0.0
2020-04-24,14.0,0.0,158.0,2.0,8.0,0.0,0.0,0.0,0.0,0.0
2020-04-25,14.0,0.0,114.0,2.0,7.0,0.0,2.0,0.0,1.0,0.0
2020-04-26,21.0,0.0,59.0,1.0,58.0,0.0,10.0,0.0,0.0,0.0
2020-04-27,4.0,0.0,5.0,0.0,21.0,1.0,21.0,0.0,0.0,0.0
2020-04-28,27.0,0.0,7.0,0.0,71.0,6.0,82.0,4.0,0.0,0.0
2020-04-29,9.0,0.0,4.0,0.0,17.0,4.0,81.0,0.0,0.0,0.0
2020-04-30,18.0,,36.0,,24.0,,33.0,,0.0,
2020-05-01,26.0,0.0,36.0,0.0,22.0,0.0,14.0,0.0,0.0,0.0
2020-05-02,22.0,1.0,25.0,0.0,12.0,0.0,35.0,0.0,1.0,0.0
2020-05-03,13.0,0.0,21.0,0.0,12.0,3.0,63.0,0.0,0.0,1.0
2020-05-04,15.0,0.0,76.0,0.0,7.0,0.0,123.0,0.0,0.0,0.0
2020-05-05,62.0,0.0,96.0,0.0,18.0,0.0,379.0,0.0,0.0,0.0
2020-05-06,103.0,0.0,148.0,1.0,23.0,0.0,382.0,5.0,1.0,0.0
2020-05-07,60.0,0.0,100.0,2.0,27.0,0.0,459.0,0.0,1.0,0.0
2020-05-08,24.0,0.0,120.0,0.0,17.0,4.0,97.0,1.0,0.0,0.0
2020-05-09,7.0,0.0,110.0,0.0,17.0,0.0,32.0,0.0,0.0,0.0
2020-05-10,15.0,0.0,101.0,3.0,0.0,0.0,26.0,1.0,0.0,0.0
2020-05-11,15.0,,195.0,,0.0,,19.0,,1.0,
2020-05-12,26.0,0.0,37.0,0.0,15.0,0.0,31.0,0.0,2.0,0.0
2020-05-13,12.0,0.0,22.0,0.0,28.0,0.0,27.0,0.0,0.0,0.0
2020-05-14,3.0,0.0,20.0,0.0,13.0,0.0,6.0,0.0,0.0,0.0
2020-05-15,6.0,0.0,39.0,0.0,5.0,0.0,19.0,0.0,0.0,0.0
2020-05-16,25.0,0.0,76.0,1.0,4.0,0.0,25.0,0.0,0.0,0.0
2020-05-17,16.0,0.0,10.0,6.0,5.0,0.0,30.0,0.0,0.0,0.0
2020-05-18,9.0,0.0,23.0,0.0,21.0,1.0,7.0,1.0,0.0,0.0
2020-05-19,1.0,,3.0,,22.0,,32.0,,0.0,
2020-05-20,1.0,0.0,0.0,0.0,15.0,0.0,13.0,0.0,0.0,0.0
2020-05-21,1.0,,0.0,,0.0,,2.0,,0.0,
2020-05-22,11.0,0.0,2.0,0.0,23.0,0.0,1.0,0.0,0.0,0.0
2020-05-23,10.0,1.0,5.0,1.0,1.0,0.0,37.0,0.0,0.0,0.0
2020-05-24,1.0,,2.0,,1.0,,4.0,,0.0,
2020-05-25,3.0,0.0,7.0,0.0,3.0,0.0,9.0,2.0,0.0,0.0
2020-05-26,6.0,0.0,12.0,0.0,0.0,0.0,4.0,0.0,0.0,0.0
2020-05-27,7.0,,2.0,,4.0,,11.0,,0.0,
2020-05-28,11.0,,0.0,,1.0,,1.0,,0.0,
2020-05-29,1.0,,0.0,,0.0,,2.0,,0.0,
2020-05-30,0.0,0.0,0.0,0.0,1.0,0.0,0.0,1.0,0.0,0.0
2020-05-31,1.0,0.0,0.0,0.0,1.0,0.0,0.0,0.0,0.0,0.0
2020-06-01,2.0,0.0,0.0,0.0,0.0,0.0,2.0,0.0,0.0,0.0
2020-06-02,6.0,,1.0,,0.0,,0.0,,2.0,
2020-06-03,7.0,0.0,3.0,0.0,4.0,0.0,3.0,0.0,2.0,0.0
2020-06-04,1.0,0.0,0.0,0.0,3.0,0.0,7.0,3.0,0.0,0.0
2020-06-05,0.0,0.0,0.0,0.0,1.0,0.0,1.0,0.0,0.0,0.0
2020-06-06,0.0,0.0,1.0,0.0,1.0,0.0,0.0,0.0,0.0,0.0
2020-06-07,2.0,,0.0,,3.0,,0.0,,0.0,
2020-06-08,1.0,0.0,0.0,0.0,13.0,0.0,0.0,0.0,0.0,0.0
2020-06-09,2.0,,1.0,,13.0,,2.0,,0.0,
2020-06-10,0.0,0.0,0.0,0.0,0.0,0.0,0.0,0.0,0.0,0.0
2020-06-11,0.0,0.0,1.0,0.0,0.0,0.0,0.0,0.0,0.0,0.0
2020-06-12,6.0,0.0,0.0,0.0,3.0,0.0,0.0,0.0,0.0,0.0
2020-06-13,6.0,0.0,0.0,0.0,9.0,0.0,2.0,0.0,0.0,0.0
2020-06-14,0.0,0.0,0.0,0.0,0.0,0.0,1.0,0.0,0.0,0.0
2020-06-15,0.0,0.0,0.0,0.0,0.0,0.0,0.0,0.0,0.0,0.0
2020-06-16,0.0,,0.0,,0.0,,0.0,,0.0,
2020-06-17,0.0,0.0,0.0,0.0,2.0,0.0,0.0,0.0,0.0,0.0
2020-06-18,0.0,0.0,0.0,0.0,1.0,0.0,0.0,0.0,0.0,0.0
2020-06-19,1.0,0.0,0.0,0.0,4.0,0.0,0.0,0.0,0.0,0.0
2020-06-20,0.0,0.0,0.0,0.0,2.0,0.0,0.0,0.0,0.0,0.0
2020-06-21,2.0,0.0,0.0,0.0,0.0,0.0,2.0,0.0,0.0,0.0
2020-06-22,1.0,0.0,1.0,0.0,2.0,0.0,0.0,0.0,0.0,0.0
2020-06-23,1.0,0.0,3.0,0.0,3.0,0.0,0.0,0.0,0.0,0.0
2020-06-24,7.0,,0.0,,5.0,,1.0,,0.0,
2020-06-25,1.0,0.0,0.0,0.0,3.0,0.0,1.0,0.0,0.0,0.0
2020-06-26,0.0,0.0,0.0,0.0,4.0,0.0,0.0,0.0,0.0,0.0
2020-06-27,0.0,,0.0,,0.0,,1.0,,0.0,
2020-06-28,1.0,0.0,0.0,0.0,2.0,0.0,2.0,0.0,0.0,0.0
2020-06-29,4.0,0.0,0.0,0.0,3.0,0.0,0.0,0.0,0.0,0.0
2020-06-30,2.0,,0.0,,0.0,,0.0,,0.0,
2020-07-01,0.0,0.0,0.0,0.0,0.0,0.0,0.0,0.0,0.0,0.0
2020-07-02,0.0,0.0,0.0,0.0,0.0,0.0,0.0,0.0,0.0,0.0
2020-07-03,0.0,,0.0,,0.0,,0.0,,1.0,
2020-07-04,0.0,0.0,0.0,0.0,0.0,0.0,0.0,0.0,0.0,0.0
2020-07-05,3.0,0.0,0.0,0.0,5.0,0.0,0.0,0.0,1.0,0.0
2020-07-06,1.0,0.0,0.0,0.0,2.0,0.0,1.0,0.0,0.0,0.0
2020-07-07,0.0,0.0,0.0,0.0,0.0,0.0,0.0,0.0,0.0,0.0
2020-07-08,1.0,,0.0,,0.0,,0.0,,0.0,
2020-07-09,2.0,0.0,0.0,0.0,0.0,0.0,0.0,0.0,0.0,0.0
2020-07-10,5.0,0.0,0.0,0.0,6.0,0.0,1.0,0.0,0.0,0.0
2020-07-11,1.0,,0.0,,3.0,,2.0,,0.0,
2020-07-12,1.0,,0.0,,1.0,,0.0,,0.0,
2020-07-13,0.0,,0.0,,0.0,,0.0,,0.0,
2020-07-14,0.0,0.0,0.0,0.0,3.0,0.0,0.0,0.0,0.0,0.0
2020-07-15,0.0,0.0,0.0,0.0,1.0,0.0,0.0,0.0,2.0,0.0
2020-07-16,2.0,0.0,1.0,0.0,5.0,0.0,0.0,0.0,1.0,0.0
2020-07-17,0.0,0.0,0.0,0.0,2.0,0.0,1.0,0.0,0.0,0.0
2020-07-18,0.0,0.0,0.0,0.0,1.0,0.0,0.0,0.0,0.0,0.0
2020-07-19,0.0,,0.0,,3.0,,0.0,,1.0,
2020-07-20,2.0,0.0,0.0,0.0,0.0,0.0,0.0,0.0,1.0,0.0
2020-07-21,2.0,0.0,0.0,0.0,1.0,0.0,0.0,0.0,4.0,0.0
2020-07-22,1.0,0.0,0.0,0.0,0.0,0.0,1.0,0.0,0.0,0.0
2020-07-23,0.0,0.0,0.0,0.0,0.0,0.0,1.0,0.0,0.0,0.0
2020-07-24,1.0,,0.0,,0.0,,0.0,,0.0,
2020-07-25,3.0,,0.0,,1.0,,0.0,,0.0,
2020-07-26,3.0,0.0,0.0,0.0,1.0,0.0,3.0,0.0,1.0,0.0
2020-07-27,0.0,0.0,0.0,0.0,2.0,0.0,0.0,0.0,0.0,0.0
2020-07-28,0.0,0.0,0.0,0.0,0.0,0.0,0.0,0.0,0.0,0.0
2020-07-29,1.0,,0.0,,0.0,,0.0,,0.0,
2020-07-30,0.0,0.0,0.0,0.0,0.0,0.0,1.0,0.0,0.0,0.0
2020-07-31,5.0,0.0,0.0,0.0,0.0,0.0,0.0,0.0,0.0,0.0
2020-08-01,1.0,0.0,0.0,0.0,0.0,0.0,0.0,0.0,0.0,0.0
2020-08-02,0.0,0.0,0.0,0.0,0.0,0.0,0.0,0.0,0.0,0.0
2020-08-03,0.0,0.0,0.0,0.0,0.0,0.0,0.0,0.0,0.0,0.0
2020-08-04,0.0,0.0,0.0,0.0,0.0,0.0,0.0,0.0,0.0,0.0
2020-08-05,0.0,0.0,0.0,0.0,0.0,0.0,0.0,0.0,0.0,0.0
2020-08-06,5.0,0.0,0.0,0.0,2.0,0.0,0.0,0.0,1.0,0.0
2020-08-07,0.0,0.0,0.0,0.0,0.0,0.0,0.0,0.0,1.0,1.0
2020-08-08,0.0,0.0,0.0,0.0,0.0,0.0,0.0,0.0,1.0,0.0
2020-08-09,2.0,0.0,0.0,0.0,0.0,0.0,0.0,0.0,3.0,0.0
2020-08-10,2.0,0.0,0.0,0.0,0.0,0.0,0.0,0.0,1.0,0.0
2020-08-11,2.0,0.0,0.0,0.0,2.0,0.0,0.0,0.0,0.0,0.0
2020-08-12,0.0,0.0,0.0,0.0,1.0,0.0,1.0,0.0,0.0,0.0
2020-08-13,0.0,0.0,0.0,0.0,0.0,0.0,0.0,0.0,0.0,0.0
2020-08-14,0.0,0.0,0.0,0.0,0.0,0.0,0.0,0.0,0.0,0.0
2020-08-15,0.0,0.0,0.0,0.0,0.0,0.0,0.0,0.0,0.0,0.0
2020-08-16,0.0,0.0,0.0,0.0,1.0,0.0,0.0,0.0,6.0,0.0
2020-08-17,2.0,0.0,0.0,0.0,1.0,0.0,0.0,0.0,0.0,0.0
2020-08-18,0.0,0.0,0.0,0.0,2.0,0.0,0.0,0.0,0.0,0.0
2020-08-19,0.0,0.0,0.0,0.0,0.0,0.0,0.0,0.0,0.0,0.0
2020-08-20,5.0,0.0,0.0,0.0,0.0,0.0,0.0,0.0,1.0,0.0
2020-08-21,3.0,0.0,0.0,0.0,2.0,0.0,0.0,0.0,4.0,0.0
2020-08-22,2.0,0.0,0.0,0.0,3.0,0.0,0.0,0.0,0.0,0.0
2020-08-23,0.0,0.0,0.0,0.0,1.0,0.0,0.0,0.0,0.0,0.0
2020-08-24,0.0,0.0,0.0,0.0,3.0,0.0,1.0,0.0,0.0,0.0
2020-08-25,6.0,0.0,1.0,0.0,1.0,0.0,0.0,0.0,2.0,0.0
2020-08-26,30.0,0.0,0.0,0.0,5.0,0.0,1.0,0.0,4.0,0.0
2020-08-27,2.0,0.0,0.0,0.0,4.0,0.0,0.0,0.0,5.0,0.0
2020-08-28,1.0,0.0,0.0,0.0,5.0,0.0,1.0,0.0,0.0,1.0
2020-08-29,0.0,0.0,0.0,0.0,1.0,0.0,0.0,0.0,0.0,0.0
2020-08-30,4.0,0.0,0.0,0.0,1.0,0.0,0.0,0.0,0.0,0.0
2020-08-31,2.0,0.0,0.0,0.0,1.0,0.0,0.0,0.0,0.0,0.0
2020-09-01,1.0,0.0,1.0,0.0,0.0,0.0,0.0,0.0,1.0,0.0
2020-09-02,5.0,0.0,0.0,0.0,0.0,0.0,2.0,0.0,1.0,0.0
2020-09-03,0.0,0.0,0.0,0.0,0.0,0.0,0.0,0.0,0.0,0.0
2020-09-04,1.0,,0.0,,0.0,,0.0,,0.0,
2020-09-05,0.0,0.0,0.0,0.0,2.0,0.0,0.0,0.0,0.0,0.0
2020-09-06,13.0,,2.0,,1.0,,0.0,,0.0,
2020-09-07,0.0,,0.0,,4.0,,0.0,,0.0,
2020-09-08,0.0,0.0,0.0,0.0,5.0,0.0,0.0,0.0,1.0,0.0
2020-09-09,0.0,0.0,0.0,0.0,1.0,0.0,0.0,0.0,1.0,0.0
2020-09-10,1.0,,0.0,,0.0,,0.0,,0.0,
2020-09-11,11.0,0.0,1.0,0.0,0.0,0.0,0.0,0.0,0.0,0.0
2020-09-12,1.0,0.0,0.0,0.0,1.0,0.0,0.0,0.0,0.0,0.0
2020-09-13,0.0,0.0,0.0,0.0,1.0,0.0,0.0,0.0,0.0,0.0
2020-09-14,0.0,0.0,0.0,0.0,0.0,0.0,0.0,0.0,0.0,0.0
2020-09-15,0.0,,0.0,,0.0,,0.0,,0.0,
2020-09-16,4.0,,0.0,,0.0,,0.0,,0.0,
2020-09-17,2.0,0.0,1.0,0.0,0.0,0.0,0.0,0.0,4.0,0.0
2020-09-18,0.0,0.0,0.0,0.0,0.0,0.0,0.0,0.0,0.0,0.0
2020-09-19,0.0,0.0,0.0,0.0,0.0,0.0,0.0,0.0,1.0,0.0
2020-09-20,0.0,0.0,0.0,0.0,0.0,0.0,0.0,0.0,0.0,0.0
2020-09-21,0.0,,0.0,,0.0,,0.0,,1.0,
2020-09-22,1.0,0.0,0.0,0.0,0.0,0.0,0.0,0.0,1.0,0.0
2020-09-23,1.0,,0.0,,0.0,,0.0,,1.0,
2020-09-24,1.0,0.0,0.0,0.0,1.0,0.0,0.0,0.0,1.0,0.0
2020-09-25,0.0,0.0,0.0,0.0,0.0,0.0,0.0,0.0,0.0,0.0
2020-09-26,1.0,0.0,0.0,0.0,0.0,0.0,0.0,0.0,0.0,0.0
2020-09-27,10.0,0.0,2.0,0.0,0.0,0.0,0.0,0.0,0.0,0.0
2020-09-28,2.0,0.0,1.0,0.0,0.0,0.0,0.0,0.0,2.0,0.0
2020-09-29,0.0,0.0,1.0,0.0,0.0,0.0,1.0,0.0,2.0,0.0
2020-09-30,0.0,,0.0,,0.0,,0.0,,0.0,
2020-10-01,1.0,,0.0,,0.0,,0.0,,0.0,
2020-10-02,1.0,0.0,2.0,0.0,0.0,0.0,0.0,0.0,0.0,0.0
2020-10-03,0.0,0.0,0.0,0.0,0.0,0.0,0.0,0.0,0.0,0.0
2020-10-04,0.0,0.0,0.0,0.0,2.0,0.0,0.0,0.0,0.0,0.0
2020-10-05,0.0,0.0,0.0,0.0,0.0,0.0,0.0,0.0,0.0,0.0
2020-10-06,0.0,0.0,0.0,0.0,0.0,0.0,0.0,0.0,0.0,0.0
2020-10-07,0.0,0.0,2.0,0.0,0.0,0.0,0.0,0.0,0.0,0.0
2020-10-08,0.0,0.0,1.0,0.0,0.0,0.0,0.0,0.0,1.0,0.0
2020-10-09,1.0,0.0,1.0,0.0,0.0,0.0,0.0,0.0,0.0,0.0
2020-10-10,0.0,0.0,1.0,0.0,0.0,0.0,0.0,0.0,0.0,0.0
2020-10-11,0.0,0.0,1.0,0.0,0.0,0.0,4.0,0.0,0.0,0.0
2020-10-12,0.0,0.0,5.0,0.0,0.0,0.0,0.0,0.0,0.0,0.0
2020-10-13,0.0,0.0,2.0,0.0,0.0,0.0,0.0,0.0,0.0,0.0
2020-10-14,1.0,0.0,5.0,0.0,0.0,0.0,0.0,0.0,0.0,0.0
2020-10-15,0.0,0.0,1.0,0.0,0.0,0.0,0.0,0.0,0.0,0.0
2020-10-16,0.0,0.0,0.0,0.0,0.0,0.0,0.0,0.0,0.0,0.0
2020-10-17,0.0,0.0,0.0,0.0,0.0,0.0,0.0,0.0,1.0,0.0
2020-10-18,0.0,0.0,1.0,0.0,0.0,0.0,0.0,0.0,0.0,0.0
2020-10-19,0.0,0.0,0.0,0.0,0.0,0.0,0.0,0.0,3.0,0.0
2020-10-20,0.0,0.0,0.0,0.0,0.0,0.0,0.0,0.0,0.0,0.0
2020-10-21,1.0,0.0,0.0,0.0,0.0,0.0,0.0,0.0,0.0,0.0
2020-10-22,0.0,0.0,1.0,0.0,0.0,0.0,0.0,0.0,0.0,0.0
2020-10-23,0.0,0.0,2.0,0.0,0.0,0.0,0.0,0.0,0.0,0.0
2020-10-24,11.0,1.0,0.0,0.0,1.0,0.0,2.0,0.0,1.0,0.0
2020-10-25,6.0,0.0,1.0,0.0,2.0,0.0,6.0,0.0,0.0,0.0
2020-10-26,0.0,0.0,0.0,0.0,0.0,0.0,0.0,0.0,0.0,0.0
2020-10-27,0.0,0.0,0.0,0.0,0.0,0.0,0.0,0.0,0.0,0.0
2020-10-28,0.0,0.0,0.0,0.0,0.0,0.0,0.0,0.0,0.0,0.0
2020-10-29,0.0,0.0,2.0,0.0,0.0,0.0,0.0,0.0,0.0,0.0
2020-10-30,2.0,0.0,1.0,0.0,0.0,0.0,0.0,0.0,0.0,0.0
2020-10-31,0.0,0.0,0.0,0.0,1.0,0.0,0.0,0.0,0.0,0.0
2020-11-01,0.0,0.0,0.0,0.0,0.0,0.0,0.0,0.0,0.0,0.0
2020-11-02,0.0,0.0,0.0,0.0,0.0,0.0,0.0,0.0,0.0,0.0
2020-11-03,6.0,0.0,4.0,0.0,0.0,0.0,0.0,0.0,0.0,0.0
2020-11-04,10.0,0.0,3.0,0.0,1.0,0.0,0.0,0.0,0.0,0.0
2020-11-05,0.0,0.0,1.0,0.0,2.0,0.0,0.0,0.0,0.0,0.0
2020-11-06,0.0,0.0,0.0,0.0,1.0,0.0,1.0,0.0,0.0,0.0
2020-11-07,0.0,0.0,1.0,0.0,0.0,0.0,0.0,0.0,0.0,0.0
2020-11-08,2.0,0.0,8.0,0.0,0.0,0.0,1.0,0.0,0.0,0.0
2020-11-09,24.0,0.0,9.0,0.0,0.0,0.0,6.0,0.0,0.0,0.0
2020-11-10,11.0,0.0,5.0,0.0,0.0,0.0,6.0,0.0,0.0,0.0
2020-11-11,0.0,0.0,0.0,0.0,0.0,0.0,1.0,0.0,0.0,0.0
2020-11-12,0.0,2.0,1.0,0.0,0.0,0.0,1.0,0.0,0.0,0.0
2020-11-13,1.0,0.0,14.0,0.0,0.0,0.0,0.0,0.0,1.0,1.0
2020-11-14,41.0,0.0,34.0,0.0,0.0,0.0,4.0,0.0,1.0,0.0
2020-11-15,32.0,0.0,8.0,0.0,1.0,0.0,0.0,0.0,0.0,0.0
2020-11-16,5.0,0.0,1.0,0.0,1.0,0.0,0.0,0.0,0.0,0.0
2020-11-17,1.0,0.0,1.0,0.0,1.0,0.0,0.0,0.0,0.0,0.0
2020-11-18,4.0,0.0,10.0,0.0,0.0,0.0,0.0,0.0,0.0,0.0
2020-11-19,16.0,0.0,17.0,0.0,1.0,0.0,0.0,0.0,0.0,0.0
2020-11-20,47.0,1.0,6.0,0.0,0.0,0.0,5.0,0.0,0.0,0.0
2020-11-21,18.0,0.0,5.0,0.0,4.0,0.0,2.0,0.0,0.0,0.0
2020-11-22,3.0,0.0,1.0,0.0,1.0,0.0,0.0,0.0,0.0,0.0
2020-11-23,5.0,0.0,17.0,0.0,2.0,0.0,0.0,0.0,0.0,0.0
2020-11-24,19.0,0.0,38.0,0.0,0.0,0.0,0.0,0.0,0.0,0.0
2020-11-25,45.0,0.0,26.0,0.0,3.0,0.0,4.0,0.0,0.0,0.0
2020-11-26,28.0,0.0,7.0,1.0,7.0,0.0,4.0,0.0,0.0,0.0
2020-11-27,2.0,2.0,3.0,0.0,7.0,0.0,2.0,0.0,0.0,0.0
2020-11-28,1.0,0.0,6.0,0.0,1.0,0.0,4.0,0.0,0.0,0.0
2020-11-29,13.0,0.0,36.0,0.0,0.0,0.0,1.0,0.0,0.0,0.0
2020-11-30,87.0,0.0,46.0,0.0,0.0,0.0,2.0,0.0,0.0,0.0
2020-12-01,75.0,0.0,10.0,0.0,0.0,0.0,7.0,0.0,0.0,0.0
2020-12-02,19.0,0.0,4.0,0.0,1.0,0.0,2.0,0.0,0.0,0.0
2020-12-03,2.0,0.0,3.0,0.0,6.0,0.0,2.0,0.0,0.0,0.0
2020-12-04,14.0,0.0,25.0,0.0,2.0,0.0,0.0,0.0,0.0,0.0
2020-12-05,68.0,0.0,40.0,0.0,7.0,0.0,1.0,0.0,0.0,0.0
2020-12-06,117.0,0.0,27.0,0.0,14.0,0.0,1.0,0.0,1.0,0.0
2020-12-07,51.0,1.0,5.0,0.0,16.0,0.0,6.0,1.0,0.0,0.0
2020-12-08,19.0,0.0,8.0,0.0,8.0,0.0,7.0,2.0,0.0,0.0
2020-12-09,14.0,0.0,28.0,0.0,2.0,0.0,0.0,0.0,0.0,0.0
2020-12-10,40.0,0.0,39.0,0.0,0.0,0.0,1.0,0.0,0.0,0.0
2020-12-11,89.0,0.0,39.0,0.0,1.0,0.0,8.0,0.0,1.0,0.0
2020-12-12,42.0,0.0,10.0,0.0,8.0,1.0,14.0,0.0,0.0,0.0
2020-12-13,25.0,1.0,8.0,0.0,3.0,0.0,5.0,0.0,0.0,0.0
2020-12-14,5.0,0.0,5.0,0.0,4.0,0.0,5.0,0.0,0.0,0.0
2020-12-15,12.0,0.0,63.0,0.0,0.0,0.0,3.0,0.0,0.0,0.0
2020-12-16,54.0,1.0,56.0,0.0,9.0,0.0,4.0,0.0,0.0,0.0
2020-12-17,95.0,0.0,15.0,0.0,16.0,1.0,14.0,0.0,0.0,0.0
2020-12-18,24.0,0.0,1.0,0.0,31.0,0.0,12.0,0.0,0.0,0.0
2020-12-19,16.0,0.0,12.0,0.0,3.0,0.0,4.0,1.0,0.0,0.0
2020-12-20,7.0,0.0,39.0,0.0,0.0,0.0,4.0,0.0,0.0,0.0
2020-12-21,36.0,0.0,56.0,0.0,6.0,0.0,1.0,0.0,0.0,0.0
2020-12-22,53.0,0.0,32.0,0.0,13.0,0.0,9.0,0.0,1.0,0.0
2020-12-23,23.0,0.0,13.0,0.0,29.0,0.0,8.0,0.0,0.0,0.0
2020-12-24,15.0,0.0,7.0,0.0,1.0,0.0,2.0,0.0,0.0,0.0
2020-12-25,5.0,0.0,30.0,0.0,2.0,0.0,4.0,0.0,1.0,0.0
2020-12-26,31.0,0.0,71.0,0.0,7.0,0.0,5.0,0.0,0.0,0.0
2020-12-27,60.0,0.0,70.0,0.0,61.0,0.0,14.0,0.0,1.0,0.0
2020-12-28,38.0,1.0,42.0,0.0,139.0,0.0,12.0,0.0,0.0,0.0
2020-12-29,13.0,0.0,24.0,0.0,80.0,2.0,10.0,0.0,0.0,0.0
2020-12-30,6.0,1.0,38.0,0.0,63.0,0.0,7.0,1.0,0.0,0.0
2020-12-31,28.0,0.0,75.0,0.0,27.0,0.0,0.0,0.0,0.0,0.0
2021-01-01,64.0,2.0,81.0,0.0,106.0,0.0,4.0,2.0,0.0,0.0
2021-01-02,101.0,2.0,41.0,0.0,122.0,0.0,29.0,2.0,0.0,0.0
2021-01-03,36.0,0.0,20.0,0.0,199.0,3.0,41.0,0.0,0.0,0.0
2021-01-04,8.0,0.0,47.0,0.0,72.0,3.0,2.0,0.0,0.0,0.0
2021-01-05,27.0,0.0,86.0,0.0,32.0,0.0,1.0,1.0,0.0,0.0
2021-01-06,52.0,0.0,109.0,0.0,76.0,0.0,15.0,0.0,0.0,0.0
2021-01-07,96.0,0.0,124.0,0.0,141.0,0.0,16.0,0.0,0.0,0.0
2021-01-08,50.0,0.0,51.0,0.0,397.0,0.0,19.0,0.0,0.0,0.0
2021-01-09,21.0,2.0,22.0,0.0,165.0,6.0,19.0,0.0,0.0,0.0
2021-01-10,30.0,0.0,67.0,0.0,151.0,2.0,5.0,0.0,0.0,0.0
2021-01-11,55.0,0.0,85.0,0.0,127.0,0.0,6.0,0.0,0.0,0.0
2021-01-12,86.0,1.0,81.0,0.0,480.0,0.0,24.0,0.0,0.0,0.0
2021-01-13,79.0,2.0,38.0,0.0,570.0,1.0,50.0,0.0,0.0,0.0
2021-01-14,18.0,0.0,12.0,0.0,259.0,1.0,31.0,0.0,0.0,0.0
2021-01-15,10.0,0.0,63.0,0.0,141.0,0.0,10.0,0.0,0.0,0.0
2021-01-16,54.0,0.0,160.0,0.0,133.0,2.0,8.0,0.0,0.0,0.0
2021-01-17,96.0,0.0,205.0,0.0,321.0,0.0,17.0,0.0,1.0,0.0
2021-01-18,104.0,1.0,86.0,0.0,663.0,1.0,44.0,0.0,0.0,0.0
2021-01-19,45.0,2.0,27.0,1.0,119.0,1.0,43.0,1.0,0.0,0.0
2021-01-20,24.0,1.0,69.0,0.0,92.0,1.0,7.0,0.0,0.0,0.0
2021-01-21,45.0,0.0,118.0,0.0,60.0,0.0,17.0,0.0,0.0,0.0
2021-01-22,92.0,0.0,233.0,0.0,52.0,0.0,19.0,0.0,0.0,0.0
2021-01-23,182.0,4.0,236.0,0.0,123.0,0.0,44.0,0.0,0.0,0.0
2021-01-24,75.0,3.0,77.0,0.0,107.0,0.0,55.0,2.0,1.0,0.0
2021-01-25,28.0,4.0,63.0,1.0,95.0,3.0,23.0,0.0,0.0,0.0
2021-01-26,38.0,0.0,122.0,0.0,251.0,3.0,16.0,1.0,0.0,0.0
2021-01-27,92.0,1.0,268.0,2.0,164.0,0.0,22.0,0.0,0.0,0.0
2021-01-28,155.0,4.0,281.0,1.0,383.0,2.0,35.0,0.0,1.0,0.0
2021-01-29,112.0,1.0,145.0,0.0,1058.0,0.0,70.0,0.0,0.0,0.0
2021-01-30,40.0,0.0,53.0,0.0,691.0,0.0,61.0,0.0,0.0,0.0
2021-01-31,41.0,0.0,160.0,0.0,387.0,0.0,37.0,0.0,0.0,0.0
2021-02-01,60.0,0.0,325.0,0.0,382.0,9.0,32.0,0.0,0.0,0.0
2021-02-02,178.0,2.0,365.0,5.0,579.0,8.0,50.0,0.0,0.0,0.0
2021-02-03,156.0,5.0,228.0,4.0,1275.0,10.0,91.0,0.0,0.0,0.0
2021-02-04,88.0,12.0,131.0,3.0,787.0,16.0,105.0,4.0,0.0,0.0
2021-02-05,56.0,0.0,150.0,2.0,351.0,9.0,37.0,1.0,0.0,0.0
2021-02-06,84.0,0.0,151.0,0.0,254.0,3.0,49.0,0.0,0.0,0.0
2021-02-07,183.0,2.0,111.0,0.0,198.0,0.0,51.0,0.0,6.0,0.0
2021-02-08,97.0,0.0,80.0,0.0,376.0,0.0,37.0,0.0,3.0,0.0
2021-02-09,8.0,1.0,58.0,0.0,162.0,0.0,18.0,0.0,0.0,0.0
2021-02-10,7.0,0.0,92.0,0.0,8.0,1.0,0.0,0.0,0.0,0.0
2021-02-11,26.0,0.0,182.0,1.0,96.0,1.0,8.0,0.0,0.0,0.0
2021-02-12,122.0,0.0,385.0,0.0,355.0,0.0,14.0,0.0,0.0,0.0
2021-02-13,228.0,0.0,345.0,0.0,446.0,0.0,53.0,0.0,2.0,0.0
2021-02-14,131.0,8.0,156.0,7.0,491.0,5.0,95.0,2.0,3.0,0.0
2021-02-15,64.0,1.0,136.0,1.0,160.0,8.0,60.0,0.0,5.0,2.0
2021-02-16,47.0,0.0,174.0,1.0,177.0,8.0,83.0,0.0,0.0,0.0
2021-02-17,67.0,0.0,336.0,1.0,351.0,19.0,60.0,0.0,2.0,0.0
2021-02-18,228.0,6.0,426.0,5.0,536.0,5.0,57.0,0.0,6.0,0.0
2021-02-19,176.0,4.0,92.0,2.0,963.0,19.0,137.0,1.0,3.0,0.0
2021-02-20,109.0,4.0,34.0,2.0,652.0,26.0,172.0,4.0,6.0,0.0
2021-02-21,59.0,0.0,42.0,0.0,249.0,0.0,77.0,0.0,1.0,0.0
2021-02-22,87.0,2.0,265.0,0.0,142.0,4.0,122.0,0.0,2.0,0.0
2021-02-23,238.0,0.0,580.0,6.0,293.0,0.0,293.0,0.0,4.0,0.0
2021-02-24,230.0,12.0,421.0,10.0,303.0,0.0,241.0,0.0,13.0,0.0
2021-02-25,148.0,15.0,241.0,4.0,259.0,3.0,449.0,11.0,3.0,2.0
2021-02-26,95.0,8.0,247.0,1.0,145.0,7.0,303.0,7.0,12.0,1.0
2021-02-27,122.0,1.0,413.0,2.0,112.0,2.0,211.0,0.0,11.0,0.0
2021-02-28,321.0,2.0,914.0,22.0,121.0,0.0,190.0,0.0,17.0,0.0
2021-03-01,514.0,20.0,1009.0,31.0,88.0,0.0,334.0,0.0,14.0,0.0
2021-03-02,172.0,16.0,529.0,10.0,197.0,8.0,688.0,4.0,14.0,0.0
2021-03-03,33.0,0.0,292.0,0.0,281.0,0.0,105.0,0.0,4.0,0.0
2021-03-04,24.0,0.0,334.0,0.0,162.0,13.0,65.0,7.0,0.0,1.0
2021-03-05,83.0,2.0,1555.0,38.0,125.0,17.0,112.0,1.0,3.0,0.0
2021-03-06,280.0,6.0,1395.0,84.0,298.0,3.0,224.0,1.0,9.0,0.0
2021-03-07,203.0,20.0,610.0,22.0,517.0,5.0,330.0,3.0,4.0,0.0
2021-03-08,66.0,1.0,395.0,7.0,350.0,17.0,181.0,1.0,11.0,1.0
2021-03-09,35.0,0.0,474.0,0.0,206.0,9.0,313.0,2.0,4.0,3.0
2021-03-10,47.0,0.0,217.0,0.0,138.0,0.0,250.0,0.0,10.0,0.0
2021-03-11,60.0,0.0,883.0,10.0,244.0,5.0,608.0,1.0,3.0,0.0
2021-03-12,155.0,2.0,999.0,12.0,470.0,6.0,926.0,3.0,1.0,0.0
2021-03-13,90.0,2.0,567.0,6.0,459.0,26.0,807.0,2.0,0.0,0.0
2021-03-14,37.0,2.0,417.0,1.0,228.0,14.0,666.0,1.0,1.0,0.0
2021-03-15,41.0,0.0,800.0,3.0,94.0,9.0,375.0,0.0,1.0,0.0
2021-03-16,76.0,0.0,1309.0,21.0,138.0,4.0,1056.0,0.0,1.0,0.0
2021-03-17,77.0,6.0,1262.0,27.0,178.0,0.0,1073.0,1.0,4.0,0.0
2021-03-18,79.0,3.0,815.0,13.0,219.0,1.0,1398.0,1.0,8.0,0.0
2021-03-19,46.0,1.0,874.0,5.0,137.0,6.0,982.0,4.0,7.0,0.0
2021-03-20,29.0,0.0,908.0,0.0,26.0,0.0,705.0,0.0,0.0,0.0
2021-03-21,79.0,0.0,632.0,9.0,90.0,0.0,231.0,0.0,1.0,0.0
2021-03-22,91.0,1.0,1442.0,39.0,208.0,3.0,74.0,7.0,4.0,0.0
2021-03-23,152.0,0.0,1107.0,0.0,512.0,0.0,480.0,0.0,0.0,0.0
2021-03-24,61.0,4.0,730.0,3.0,140.0,11.0,479.0,2.0,0.0,0.0
2021-03-25,13.0,3.0,953.0,15.0,82.0,10.0,742.0,6.0,0.0,0.0
2021-03-26,36.0,0.0,1281.0,36.0,65.0,2.0,569.0,3.0,0.0,0.0
2021-03-27,58.0,1.0,1916.0,30.0,73.0,1.0,990.0,0.0,1.0,0.0
2021-03-28,117.0,0.0,523.0,0.0,151.0,0.0,1390.0,0.0,0.0,0.0
2021-03-29,101.0,7.0,542.0,7.0,108.0,6.0,1802.0,6.0,0.0,0.0
2021-03-30,37.0,3.0,1175.0,4.0,83.0,9.0,755.0,6.0,0.0,0.0
2021-03-31,66.0,0.0,928.0,0.0,75.0,0.0,1364.0,0.0,0.0,0.0
2021-04-01,84.0,3.0,1328.0,18.0,117.0,2.0,1483.0,3.0,0.0,4.0
2021-04-02,150.0,3.0,1291.0,11.0,113.0,0.0,1286.0,0.0,2.0,0.0
2021-04-03,43.0,2.0,660.0,10.0,35.0,1.0,1038.0,0.0,3.0,0.0
2021-04-04,0.0,0.0,12.0,0.0,60.0,6.0,92.0,2.0,0.0,0.0
2021-04-05,3.0,0.0,147.0,0.0,21.0,0.0,157.0,1.0,0.0,0.0
2021-04-06,3.0,0.0,559.0,1.0,59.0,5.0,202.0,0.0,0.0,0.0
2021-04-07,8.0,0.0,585.0,6.0,98.0,0.0,126.0,0.0,0.0,0.0
2021-04-08,21.0,0.0,233.0,2.0,59.0,0.0,123.0,0.0,0.0,0.0
2021-04-09,19.0,0.0,259.0,0.0,26.0,0.0,287.0,3.0,0.0,0.0
2021-04-10,10.0,0.0,712.0,0.0,25.0,0.0,213.0,1.0,0.0,0.0
2021-04-11,14.0,0.0,550.0,1.0,6.0,0.0,323.0,0.0,1.0,0.0
2021-04-12,28.0,0.0,1161.0,9.0,54.0,0.0,254.0,0.0,1.0,0.0
2021-04-13,27.0,0.0,950.0,12.0,20.0,0.0,478.0,0.0,3.0,0.0
2021-04-14,15.0,1.0,357.0,2.0,8.0,0.0,603.0,0.0,0.0,0.0
2021-04-15,21.0,0.0,437.0,0.0,18.0,1.0,746.0,0.0,0.0,0.0
2021-04-16,13.0,0.0,73.0,0.0,0.0,0.0,729.0,0.0,1.0,0.0
2021-04-17,4.0,1.0,43.0,1.0,3.0,0.0,2.0,0.0,0.0,0.0
2021-04-18,17.0,0.0,152.0,1.0,25.0,0.0,6.0,0.0,2.0,0.0
2021-04-19,12.0,0.0,134.0,0.0,27.0,0.0,21.0,0.0,0.0,0.0
2021-04-20,18.0,0.0,265.0,0.0,11.0,0.0,115.0,0.0,1.0,0.0
2021-04-21,100.0,0.0,737.0,0.0,23.0,0.0,509.0,0.0,0.0,0.0
2021-04-22,82.0,0.0,907.0,1.0,0.0,0.0,1158.0,0.0,0.0,0.0
2021-04-23,83.0,1.0,1140.0,17.0,2.0,0.0,2063.0,0.0,2.0,0.0
2021-04-24,46.0,0.0,599.0,32.0,18.0,0.0,1767.0,0.0,0.0,0.0
2021-04-25,23.0,0.0,274.0,7.0,37.0,1.0,189.0,0.0,1.0,1.0
2021-04-26,2.0,0.0,261.0,0.0,22.0,0.0,49.0,0.0,0.0,0.0
2021-04-27,0.0,0.0,245.0,17.0,0.0,0.0,0.0,0.0,0.0,0.0
2021-04-28,1.0,0.0,195.0,0.0,3.0,0.0,1.0,0.0,0.0,0.0
2021-04-29,2.0,0.0,151.0,10.0,7.0,0.0,3.0,0.0,1.0,0.0
2021-04-30,2.0,0.0,66.0,0.0,36.0,0.0,15.0,0.0,0.0,0.0
2021-05-01,0.0,0.0,53.0,0.0,12.0,0.0,25.0,0.0,0.0,0.0
2021-05-02,4.0,0.0,61.0,0.0,4.0,0.0,31.0,0.0,0.0,0.0
2021-05-03,15.0,0.0,93.0,3.0,8.0,0.0,24.0,0.0,2.0,0.0
2021-05-04,105.0,0.0,104.0,0.0,28.0,0.0,50.0,0.0,1.0,0.0
2021-05-05,59.0,0.0,87.0,0.0,49.0,0.0,134.0,0.0,0.0,0.0
2021-05-06,2.0,0.0,71.0,0.0,22.0,1.0,14.0,0.0,0.0,0.0
2021-05-07,1.0,0.0,73.0,2.0,11.0,1.0,36.0,0.0,0.0,0.0
2021-05-08,1.0,0.0,107.0,1.0,1.0,0.0,35.0,0.0,0.0,0.0
2021-05-09,4.0,0.0,50.0,0.0,5.0,0.0,38.0,0.0,2.0,0.0
2021-05-10,26.0,0.0,15.0,0.0,9.0,0.0,73.0,0.0,1.0,0.0
2021-05-11,10.0,0.0,24.0,0.0,11.0,0.0,97.0,0.0,0.0,0.0
2021-05-12,7.0,0.0,3.0,0.0,0.0,0.0,41.0,0.0,0.0,0.0
2021-05-13,5.0,0.0,24.0,0.0,0.0,0.0,10.0,0.0,0.0,0.0
2021-05-14,3.0,0.0,24.0,0.0,0.0,0.0,0.0,0.0,0.0,0.0
2021-05-15,20.0,0.0,31.0,0.0,1.0,0.0,3.0,0.0,3.0,0.0
2021-05-16,21.0,0.0,25.0,0.0,6.0,0.0,67.0,0.0,0.0,0.0
2021-05-17,6.0,0.0,40.0,0.0,8.0,0.0,44.0,0.0,0.0,0.0
2021-05-18,0.0,0.0,18.0,0.0,0.0,0.0,15.0,0.0,0.0,0.0
2021-05-19,2.0,0.0,12.0,0.0,1.0,0.0,10.0,0.0,0.0,0.0
2021-05-20,6.0,0.0,11.0,0.0,1.0,0.0,3.0,0.0,1.0,0.0
2021-05-21,8.0,0.0,10.0,0.0,15.0,0.0,9.0,2.0,0.0,0.0
2021-05-22,3.0,0.0,10.0,0.0,2.0,0.0,43.0,0.0,0.0,0.0
2021-05-23,0.0,0.0,1.0,0.0,2.0,0.0,41.0,0.0,0.0,0.0
2021-05-24,0.0,0.0,4.0,0.0,0.0,0.0,0.0,0.0,0.0,0.0
2021-05-25,1.0,0.0,4.0,0.0,0.0,0.0,0.0,0.0,2.0,0.0
2021-05-26,2.0,0.0,0.0,0.0,0.0,0.0,0.0,0.0,1.0,0.0
2021-05-27,2.0,0.0,0.0,0.0,1.0,0.0,1.0,0.0,0.0,0.0
2021-05-28,0.0,0.0,1.0,0.0,3.0,2.0,9.0,0.0,0.0,0.0
2021-05-29,0.0,0.0,10.0,0.0,3.0,0.0,1.0,0.0,0.0,0.0
2021-05-30,0.0,0.0,1.0,0.0,6.0,0.0,2.0,0.0,0.0,0.0
2021-05-31,9.0,0.0,5.0,0.0,13.0,0.0,2.0,0.0,7.0,0.0
2021-06-01,3.0,0.0,1.0,0.0,32.0,0.0,11.0,0.0,0.0,0.0
2021-06-02,2.0,0.0,2.0,0.0,7.0,0.0,12.0,0.0,0.0,0.0
2021-06-03,0.0,0.0,0.0,0.0,0.0,0.0,0.0,0.0,0.0,0.0
2021-06-04,0.0,0.0,3.0,0.0,3.0,0.0,0.0,0.0,0.0,0.0
2021-06-05,2.0,0.0,0.0,0.0,0.0,0.0,0.0,0.0,0.0,0.0
2021-06-06,4.0,0.0,0.0,0.0,11.0,0.0,0.0,0.0,1.0,0.0
2021-06-07,0.0,0.0,0.0,0.0,0.0,0.0,0.0,0.0,0.0,1.0
2021-06-08,0.0,0.0,0.0,0.0,0.0,0.0,0.0,0.0,0.0,0.0
2021-06-09,0.0,0.0,0.0,0.0,0.0,0.0,0.0,0.0,0.0,0.0
2021-06-10,0.0,0.0,0.0,0.0,0.0,0.0,0.0,0.0,0.0,0.0
2021-06-11,0.0,0.0,0.0,0.0,1.0,0.0,0.0,0.0,1.0,0.0
2021-06-12,0.0,0.0,0.0,0.0,0.0,0.0,0.0,0.0,0.0,0.0
2021-06-13,0.0,0.0,0.0,0.0,0.0,0.0,0.0,0.0,0.0,0.0
2021-06-14,0.0,0.0,0.0,0.0,0.0,0.0,0.0,0.0,0.0,0.0
2021-06-15,0.0,0.0,0.0,0.0,0.0,0.0,0.0,0.0,0.0,0.0
2021-06-16,1.0,0.0,0.0,0.0,2.0,0.0,0.0,0.0,1.0,0.0
2021-06-17,1.0,0.0,0.0,0.0,11.0,0.0,1.0,0.0,0.0,0.0
2021-06-18,1.0,0.0,0.0,0.0,12.0,1.0,0.0,0.0,1.0,0.0
2021-06-19,0.0,0.0,0.0,0.0,8.0,0.0,5.0,0.0,0.0,0.0
2021-06-20,0.0,0.0,0.0,0.0,4.0,0.0,1.0,0.0,0.0,0.0
2021-06-21,5.0,0.0,0.0,0.0,18.0,0.0,0.0,0.0,2.0,0.0
2021-06-22,2.0,0.0,3.0,0.0,19.0,0.0,0.0,0.0,0.0,0.0
2021-06-23,0.0,0.0,0.0,0.0,6.0,0.0,1.0,0.0,0.0,0.0
2021-06-24,0.0,0.0,0.0,0.0,1.0,0.0,0.0,0.0,0.0,0.0
2021-06-25,0.0,0.0,0.0,0.0,1.0,0.0,0.0,0.0,1.0,0.0
2021-06-26,3.0,0.0,0.0,0.0,3.0,0.0,0.0,0.0,2.0,0.0
2021-06-27,6.0,0.0,0.0,0.0,14.0,0.0,0.0,0.0,2.0,0.0
2021-06-28,0.0,0.0,0.0,0.0,26.0,0.0,0.0,0.0,0.0,0.0
2021-06-29,0.0,0.0,0.0,0.0,4.0,0.0,2.0,0.0,0.0,0.0
2021-06-30,0.0,0.0,0.0,0.0,5.0,0.0,0.0,0.0,1.0,0.0
2021-07-01,2.0,0.0,0.0,0.0,6.0,0.0,0.0,0.0,0.0,0.0
